# Blender 4.0.2
# www.blender.org
mtllib untitled.mtl
o Basketball
v 0.097679 0.025273 0.080548
v 0.050070 0.049304 0.080548
v 0.057438 0.068017 -0.000000
v 0.054552 0.062852 0.045299
v 0.134751 0.028992 -0.000000
v 0.124520 0.027535 0.045299
v -0.097679 0.025273 0.080548
v -0.050070 0.049304 0.080548
v -0.054552 0.062852 0.045299
v -0.124520 0.027535 0.045300
v 0.097679 -0.025273 0.080548
v 0.050070 -0.049304 0.080548
v 0.057438 -0.068017 0.000000
v 0.054552 -0.062852 0.045300
v 0.134751 -0.028992 -0.000000
v 0.124520 -0.027535 0.045300
v -0.097679 -0.025273 0.080548
v -0.050070 -0.049304 0.080548
v -0.054552 -0.062852 0.045300
v -0.124520 -0.027535 0.045300
v -0.050070 -0.049304 -0.080548
v -0.097679 -0.025273 -0.080548
v -0.134751 -0.028992 0.000000
v -0.124520 -0.027535 -0.045299
v -0.057438 -0.068017 0.000000
v -0.054552 -0.062852 -0.045299
v -0.050070 0.049304 -0.080548
v -0.097679 0.025273 -0.080548
v -0.134751 0.028992 0.000000
v -0.124520 0.027535 -0.045299
v -0.057438 0.068017 0.000000
v -0.054552 0.062852 -0.045299
v 0.050070 -0.049304 -0.080548
v 0.097679 -0.025273 -0.080548
v 0.124520 -0.027535 -0.045300
v 0.054552 -0.062852 -0.045299
v 0.050070 0.049304 -0.080548
v 0.097679 0.025273 -0.080548
v 0.124520 0.027535 -0.045300
v 0.054552 0.062852 -0.045300
v 0.091743 0.034518 0.075942
v 0.101905 0.013405 0.084550
v 0.068385 0.046308 0.075942
v 0.026557 0.051437 0.084550
v 0.056602 0.066692 0.023423
v 0.028207 0.066692 0.047002
v 0.052116 0.056909 0.064480
v 0.077656 0.056874 0.043393
v 0.082266 0.061176 -0.000000
v 0.056472 0.013735 0.109937
v 0.024602 0.031966 0.107763
v 0.079548 0.025201 0.093346
v 0.049609 0.040328 0.093258
v 0.143459 0.014944 -0.000000
v 0.132127 0.028570 0.023423
v 0.132127 0.014238 0.047002
v 0.121199 0.041524 -0.000000
v 0.112676 0.039197 0.043393
v 0.112745 0.026306 0.064480
v -0.091743 0.034518 0.075942
v -0.101905 0.013405 0.084550
v -0.068385 0.046308 0.075942
v -0.026557 0.051437 0.084550
v -0.028207 0.066692 0.047002
v -0.052116 0.056909 0.064480
v -0.077656 0.056874 0.043393
v -0.056472 0.013735 0.109937
v -0.024602 0.031966 0.107763
v -0.079548 0.025201 0.093346
v -0.049609 0.040328 0.093258
v -0.132127 0.014238 0.047002
v -0.112676 0.039197 0.043393
v -0.112745 0.026306 0.064480
v 0.091743 -0.034518 0.075942
v 0.101905 -0.013405 0.084550
v 0.068385 -0.046308 0.075942
v 0.026557 -0.051437 0.084550
v 0.056602 -0.066692 0.023423
v 0.028207 -0.066692 0.047002
v 0.052116 -0.056909 0.064480
v 0.077656 -0.056874 0.043393
v 0.082266 -0.061176 0.000000
v 0.056472 -0.013735 0.109937
v 0.024602 -0.031966 0.107763
v 0.079548 -0.025201 0.093346
v 0.049609 -0.040328 0.093258
v 0.143459 -0.014944 -0.000000
v 0.132127 -0.028570 0.023423
v 0.132127 -0.014238 0.047002
v 0.121199 -0.041524 0.000000
v 0.112676 -0.039197 0.043393
v 0.112745 -0.026306 0.064480
v -0.091743 -0.034518 0.075942
v -0.101905 -0.013405 0.084550
v -0.068385 -0.046308 0.075942
v -0.026557 -0.051437 0.084550
v -0.028207 -0.066692 0.047002
v -0.052116 -0.056909 0.064480
v -0.077656 -0.056874 0.043393
v -0.056472 -0.013735 0.109937
v -0.024602 -0.031966 0.107763
v -0.079548 -0.025201 0.093346
v -0.049609 -0.040328 0.093258
v -0.132127 -0.014238 0.047002
v -0.112676 -0.039197 0.043393
v -0.112745 -0.026306 0.064480
v -0.068385 -0.046308 -0.075942
v -0.026557 -0.051437 -0.084550
v -0.091743 -0.034518 -0.075942
v -0.101905 -0.013405 -0.084550
v -0.143459 -0.014944 0.000000
v -0.132127 -0.028570 -0.023423
v -0.132127 -0.014238 -0.047002
v -0.112745 -0.026306 -0.064480
v -0.112676 -0.039197 -0.043393
v -0.121199 -0.041524 0.000000
v -0.027212 -0.028505 -0.109937
v -0.063330 -0.012418 -0.107763
v -0.049928 -0.040153 -0.093346
v -0.079896 -0.025040 -0.093258
v -0.029606 -0.072412 0.000000
v -0.056602 -0.066692 -0.023423
v -0.028207 -0.066692 -0.047002
v -0.082266 -0.061176 0.000000
v -0.077656 -0.056874 -0.043393
v -0.052116 -0.056909 -0.064480
v -0.068385 0.046308 -0.075942
v -0.026557 0.051437 -0.084550
v -0.091743 0.034518 -0.075942
v -0.101905 0.013405 -0.084550
v -0.143459 0.014944 0.000000
v -0.132127 0.028570 -0.023423
v -0.132127 0.014238 -0.047002
v -0.112745 0.026306 -0.064480
v -0.112676 0.039197 -0.043393
v -0.121199 0.041524 0.000000
v -0.027212 0.028505 -0.109937
v -0.063330 0.012418 -0.107763
v -0.049928 0.040153 -0.093346
v -0.079896 0.025040 -0.093258
v -0.029606 0.072412 -0.000000
v -0.056602 0.066692 -0.023423
v -0.028207 0.066692 -0.047002
v -0.082266 0.061176 0.000000
v -0.077656 0.056874 -0.043393
v -0.052116 0.056909 -0.064480
v 0.068385 -0.046308 -0.075942
v 0.026557 -0.051437 -0.084550
v 0.091743 -0.034518 -0.075942
v 0.101905 -0.013405 -0.084550
v 0.132127 -0.014238 -0.047002
v 0.112745 -0.026306 -0.064480
v 0.112676 -0.039197 -0.043393
v 0.027212 -0.028505 -0.109937
v 0.063330 -0.012418 -0.107763
v 0.049927 -0.040153 -0.093346
v 0.079896 -0.025040 -0.093258
v 0.028207 -0.066692 -0.047002
v 0.077656 -0.056874 -0.043393
v 0.052115 -0.056909 -0.064480
v 0.068385 0.046308 -0.075942
v 0.026557 0.051437 -0.084550
v 0.091743 0.034518 -0.075942
v 0.101905 0.013405 -0.084550
v 0.132127 0.014238 -0.047002
v 0.112745 0.026306 -0.064480
v 0.112676 0.039197 -0.043393
v 0.027212 0.028505 -0.109937
v 0.063330 0.012418 -0.107763
v 0.049927 0.040153 -0.093346
v 0.079896 0.025040 -0.093258
v 0.028207 0.066692 -0.047002
v 0.077656 0.056874 -0.043393
v 0.052115 0.056909 -0.064480
v 0.029606 0.072412 -0.000000
v -0.056602 0.066692 0.023423
v -0.132127 0.028570 0.023423
v 0.029606 -0.072412 0.000000
v -0.056602 -0.066692 0.023423
v -0.132127 -0.028570 0.023423
v 0.132127 -0.028570 -0.023423
v 0.056602 -0.066692 -0.023423
v 0.132127 0.028570 -0.023423
v 0.056602 0.066692 -0.023423
v 0.029186 0.070942 0.024236
v 0.027156 0.060065 0.067252
v 0.073238 0.052111 0.061218
v 0.080991 0.060062 0.022565
v 0.028859 0.012750 0.117395
v 0.081127 0.013545 0.098797
v 0.080805 0.032330 0.086397
v 0.026522 0.041307 0.098452
v 0.140547 0.014732 0.024236
v 0.118992 0.040881 0.022565
v 0.103239 0.036968 0.061218
v 0.118998 0.013707 0.067252
v 0.063958 0.040828 0.086391
v 0.017813 0.027018 0.112255
v -0.029186 0.070942 0.024236
v -0.027156 0.060065 0.067252
v -0.073238 0.052111 0.061218
v -0.080991 0.060062 0.022565
v -0.028859 0.012750 0.117395
v -0.081127 0.013545 0.098797
v -0.080805 0.032330 0.086397
v -0.026522 0.041307 0.098452
v -0.140547 0.014732 0.024236
v -0.118992 0.040881 0.022565
v -0.103239 0.036968 0.061218
v -0.118998 0.013707 0.067252
v -0.063958 0.040828 0.086391
v -0.017813 0.027018 0.112255
v 0.029186 -0.070942 0.024236
v 0.027156 -0.060065 0.067252
v 0.073238 -0.052111 0.061218
v 0.080991 -0.060062 0.022565
v 0.028859 -0.012750 0.117395
v 0.081127 -0.013545 0.098797
v 0.080805 -0.032330 0.086397
v 0.026522 -0.041307 0.098452
v 0.140547 -0.014732 0.024236
v 0.118992 -0.040881 0.022565
v 0.103239 -0.036968 0.061218
v 0.118998 -0.013707 0.067252
v 0.063958 -0.040828 0.086391
v 0.017813 -0.027018 0.112255
v -0.029186 -0.070942 0.024236
v -0.027156 -0.060065 0.067252
v -0.073238 -0.052111 0.061218
v -0.080991 -0.060062 0.022565
v -0.028859 -0.012750 0.117395
v -0.081127 -0.013545 0.098797
v -0.080805 -0.032330 0.086397
v -0.026522 -0.041307 0.098452
v -0.140547 -0.014732 0.024236
v -0.118992 -0.040881 0.022565
v -0.103239 -0.036968 0.061218
v -0.118998 -0.013707 0.067252
v -0.063958 -0.040828 0.086391
v -0.017813 -0.027018 0.112255
v -0.140547 -0.014732 -0.024236
v -0.118998 -0.013707 -0.067252
v -0.103239 -0.036968 -0.061218
v -0.118992 -0.040881 -0.022565
v -0.025260 -0.014567 -0.117395
v -0.026836 -0.040949 -0.098797
v -0.064050 -0.040787 -0.086397
v -0.081835 -0.013387 -0.098452
v -0.029186 -0.070942 -0.024236
v -0.080991 -0.060062 -0.022565
v -0.073239 -0.052111 -0.061218
v -0.027156 -0.060065 -0.067252
v -0.080887 -0.032284 -0.086391
v -0.053527 -0.008991 -0.112255
v -0.140547 0.014732 -0.024236
v -0.118998 0.013707 -0.067252
v -0.103239 0.036968 -0.061218
v -0.118992 0.040881 -0.022565
v -0.025260 0.014567 -0.117394
v -0.026836 0.040949 -0.098797
v -0.064051 0.040787 -0.086397
v -0.081835 0.013387 -0.098452
v -0.029186 0.070942 -0.024236
v -0.080991 0.060062 -0.022565
v -0.073239 0.052111 -0.061218
v -0.027156 0.060065 -0.067252
v -0.080887 0.032284 -0.086391
v -0.053527 0.008991 -0.112255
v 0.140547 -0.014732 -0.024236
v 0.118998 -0.013707 -0.067252
v 0.103239 -0.036968 -0.061218
v 0.118992 -0.040881 -0.022565
v 0.025260 -0.014567 -0.117395
v 0.026836 -0.040949 -0.098797
v 0.064050 -0.040787 -0.086397
v 0.081835 -0.013387 -0.098452
v 0.029186 -0.070942 -0.024236
v 0.080991 -0.060062 -0.022565
v 0.073238 -0.052111 -0.061218
v 0.027156 -0.060065 -0.067252
v 0.080887 -0.032284 -0.086391
v 0.053527 -0.008991 -0.112255
v 0.140547 0.014732 -0.024236
v 0.118998 0.013707 -0.067252
v 0.103239 0.036968 -0.061218
v 0.118992 0.040881 -0.022565
v 0.025260 0.014567 -0.117395
v 0.026836 0.040949 -0.098797
v 0.064050 0.040787 -0.086397
v 0.081835 0.013387 -0.098452
v 0.029186 0.070942 -0.024236
v 0.080991 0.060062 -0.022565
v 0.073238 0.052111 -0.061218
v 0.027156 0.060065 -0.067252
v 0.080887 0.032284 -0.086391
v 0.053527 0.008991 -0.112255
v 0.077947 0.042534 0.074595
v 0.084273 0.039342 0.074598
v 0.078391 0.041269 0.073389
v 0.081765 0.039567 0.073390
v 0.102913 -0.002254 0.085446
v 0.102913 0.002254 0.085446
v 0.101505 -0.001202 0.084281
v 0.101505 0.001202 0.084281
v -0.004465 0.051946 0.085446
v 0.004465 0.051946 0.085446
v -0.002382 0.051235 0.084281
v 0.002382 0.051235 0.084281
v 0.106063 0.050342 -0.000000
v 0.099736 0.053536 -0.000000
v 0.103183 0.050379 -0.000000
v 0.099809 0.052082 -0.000000
v 0.093197 0.050234 0.042492
v 0.099524 0.047041 0.042493
v 0.093377 0.048835 0.041826
v 0.096751 0.047132 0.041826
v 0.004464 0.067554 0.047409
v -0.004464 0.067554 0.047409
v 0.002381 0.066638 0.046755
v -0.002381 0.066638 0.046755
v 0.057027 -0.002254 0.111174
v 0.057027 0.002254 0.111174
v 0.056245 -0.001202 0.109659
v 0.056245 0.001202 0.109659
v 0.050485 0.030276 0.101819
v 0.055323 0.026455 0.102823
v 0.050828 0.028959 0.100743
v 0.053413 0.026924 0.101287
v 0.004463 -0.002256 0.120500
v 0.004463 0.002256 0.120500
v -0.004463 0.002256 0.120500
v -0.004463 -0.002256 0.120500
v 0.004410 -0.001203 0.118847
v 0.002380 -0.002229 0.118865
v 0.002201 -0.001113 0.118778
v 0.002380 0.002229 0.118865
v 0.004410 0.001203 0.118847
v 0.002201 0.001113 0.118778
v -0.004410 0.001203 0.118847
v -0.002380 0.002229 0.118865
v -0.002201 0.001113 0.118778
v -0.002380 -0.002229 0.118865
v -0.004410 -0.001203 0.118847
v -0.002201 -0.001113 0.118778
v 0.004468 0.032335 0.108540
v -0.004468 0.032335 0.108540
v 0.002383 0.031899 0.107044
v -0.002383 0.031899 0.107044
v 0.145482 -0.002252 -0.000000
v 0.145482 0.002252 -0.000000
v 0.143509 -0.001201 -0.000000
v 0.143509 0.001201 -0.000000
v 0.133835 0.002253 0.047409
v 0.133835 -0.002253 0.047409
v 0.132019 0.001202 0.046755
v 0.132019 -0.001202 0.046755
v -0.004465 0.023593 0.114249
v -0.004462 0.019380 0.116365
v 0.004462 0.019380 0.116365
v 0.004465 0.023593 0.114249
v -0.004406 0.022346 0.113136
v -0.002384 0.023294 0.112803
v -0.002200 0.022212 0.113149
v -0.002380 0.019114 0.114786
v -0.004404 0.020094 0.114243
v -0.002198 0.020124 0.114129
v 0.004404 0.020094 0.114243
v 0.002380 0.019114 0.114786
v 0.002198 0.020124 0.114129
v 0.002384 0.023294 0.112803
v 0.004406 0.022346 0.113136
v 0.002200 0.022212 0.113149
v -0.084273 0.039342 0.074598
v -0.077947 0.042534 0.074595
v -0.081765 0.039567 0.073390
v -0.078391 0.041269 0.073389
v -0.102913 0.002254 0.085446
v -0.102913 -0.002254 0.085446
v -0.101505 0.001202 0.084281
v -0.101505 -0.001202 0.084281
v -0.093197 0.050234 0.042492
v -0.099524 0.047041 0.042493
v -0.093377 0.048835 0.041826
v -0.096751 0.047132 0.041826
v -0.057026 0.002254 0.111174
v -0.057026 -0.002254 0.111174
v -0.056245 0.001202 0.109659
v -0.056245 -0.001202 0.109659
v -0.055323 0.026455 0.102823
v -0.050485 0.030276 0.101819
v -0.053413 0.026924 0.101287
v -0.050828 0.028959 0.100743
v -0.133835 0.002253 0.047409
v -0.133835 -0.002253 0.047409
v -0.132019 0.001202 0.046755
v -0.132019 -0.001202 0.046755
v 0.084273 -0.039342 0.074598
v 0.077947 -0.042534 0.074595
v 0.081765 -0.039567 0.073390
v 0.078391 -0.041269 0.073389
v 0.004465 -0.051946 0.085446
v -0.004465 -0.051946 0.085446
v 0.002382 -0.051235 0.084281
v -0.002382 -0.051235 0.084281
v 0.099736 -0.053536 0.000000
v 0.106063 -0.050342 0.000000
v 0.099809 -0.052082 0.000000
v 0.103183 -0.050379 0.000000
v 0.099524 -0.047041 0.042493
v 0.093197 -0.050234 0.042492
v 0.096751 -0.047132 0.041826
v 0.093377 -0.048835 0.041826
v -0.004464 -0.067554 0.047409
v 0.004464 -0.067554 0.047409
v -0.002381 -0.066638 0.046755
v 0.002381 -0.066638 0.046755
v 0.055323 -0.026455 0.102823
v 0.050485 -0.030276 0.101819
v 0.053413 -0.026924 0.101287
v 0.050828 -0.028959 0.100743
v -0.004468 -0.032335 0.108540
v 0.004468 -0.032335 0.108540
v -0.002383 -0.031899 0.107044
v 0.002383 -0.031899 0.107044
v -0.004465 -0.023593 0.114249
v 0.004465 -0.023593 0.114249
v 0.004462 -0.019380 0.116365
v -0.004462 -0.019380 0.116365
v -0.002384 -0.023294 0.112803
v -0.004406 -0.022346 0.113136
v -0.002200 -0.022212 0.113149
v 0.004406 -0.022346 0.113136
v 0.002384 -0.023294 0.112803
v 0.002200 -0.022212 0.113149
v 0.002380 -0.019114 0.114786
v 0.004404 -0.020094 0.114243
v 0.002198 -0.020124 0.114129
v -0.004404 -0.020094 0.114243
v -0.002380 -0.019114 0.114786
v -0.002198 -0.020124 0.114129
v -0.077947 -0.042534 0.074595
v -0.084273 -0.039342 0.074598
v -0.078391 -0.041269 0.073389
v -0.081765 -0.039567 0.073390
v -0.099524 -0.047041 0.042493
v -0.093197 -0.050234 0.042492
v -0.096751 -0.047132 0.041826
v -0.093377 -0.048835 0.041826
v -0.050485 -0.030276 0.101819
v -0.055323 -0.026455 0.102823
v -0.050828 -0.028959 0.100743
v -0.053413 -0.026924 0.101287
v -0.084266 -0.039344 -0.074595
v -0.077942 -0.042537 -0.074598
v -0.081761 -0.039569 -0.073389
v -0.078387 -0.041271 -0.073390
v 0.004465 -0.051946 -0.085446
v -0.004465 -0.051946 -0.085446
v 0.002381 -0.051235 -0.084281
v -0.002382 -0.051235 -0.084281
v -0.102913 0.002254 -0.085446
v -0.102913 -0.002254 -0.085446
v -0.101505 0.001202 -0.084281
v -0.101505 -0.001202 -0.084281
v -0.099736 -0.053536 0.000000
v -0.106063 -0.050342 0.000000
v -0.099809 -0.052082 0.000000
v -0.103183 -0.050379 0.000000
v -0.099521 -0.047042 -0.042492
v -0.093195 -0.050236 -0.042493
v -0.096749 -0.047133 -0.041826
v -0.093375 -0.048836 -0.041826
v -0.145482 -0.002252 0.000000
v -0.145482 0.002252 0.000000
v -0.143509 -0.001201 0.000000
v -0.143509 0.001201 0.000000
v -0.133835 0.002253 -0.047409
v -0.133835 -0.002253 -0.047409
v -0.132019 0.001202 -0.046755
v -0.132019 -0.001202 -0.046755
v 0.004465 -0.028785 -0.111174
v -0.004465 -0.028785 -0.111174
v 0.002382 -0.028390 -0.109659
v -0.002382 -0.028390 -0.109659
v -0.059981 -0.025483 -0.101819
v -0.052411 -0.027925 -0.102823
v -0.057372 -0.025656 -0.100743
v -0.053340 -0.026961 -0.101287
v 0.004469 -0.002253 -0.120500
v -0.004469 -0.002253 -0.120500
v -0.004469 0.002253 -0.120500
v 0.004469 0.002253 -0.120500
v 0.002383 -0.002226 -0.118847
v 0.004415 -0.001202 -0.118865
v 0.002204 -0.001111 -0.118778
v -0.004415 -0.001202 -0.118865
v -0.002384 -0.002226 -0.118847
v -0.002204 -0.001111 -0.118778
v -0.002384 0.002226 -0.118847
v -0.004415 0.001201 -0.118865
v -0.002204 0.001111 -0.118778
v 0.004415 0.001201 -0.118865
v 0.002383 0.002226 -0.118847
v 0.002204 0.001111 -0.118778
v -0.064061 -0.002255 -0.108540
v -0.064061 0.002255 -0.108540
v -0.063197 -0.001203 -0.107044
v -0.063197 0.001203 -0.107044
v 0.004462 -0.073433 0.000000
v -0.004462 -0.073433 0.000000
v 0.002380 -0.072437 0.000000
v -0.002380 -0.072437 0.000000
v -0.004464 -0.067554 -0.047409
v 0.004464 -0.067554 -0.047409
v -0.002381 -0.066638 -0.046755
v 0.002381 -0.066638 -0.046755
v -0.046740 0.002254 -0.114249
v -0.038394 0.002252 -0.116365
v -0.038394 -0.002252 -0.116365
v -0.046740 -0.002254 -0.114249
v -0.044271 0.002224 -0.113136
v -0.046150 0.001203 -0.112803
v -0.044006 0.001111 -0.113149
v -0.037868 0.001201 -0.114786
v -0.039810 0.002223 -0.114243
v -0.039869 0.001110 -0.114129
v -0.039810 -0.002223 -0.114243
v -0.037868 -0.001201 -0.114786
v -0.039869 -0.001110 -0.114129
v -0.046150 -0.001203 -0.112803
v -0.044271 -0.002224 -0.113136
v -0.044006 -0.001111 -0.113149
v -0.077942 0.042537 -0.074598
v -0.084266 0.039344 -0.074595
v -0.078387 0.041271 -0.073390
v -0.081761 0.039569 -0.073389
v -0.004465 0.051946 -0.085446
v 0.004465 0.051946 -0.085446
v -0.002382 0.051235 -0.084281
v 0.002381 0.051235 -0.084281
v -0.106063 0.050342 0.000000
v -0.099736 0.053536 0.000000
v -0.103183 0.050379 0.000000
v -0.099809 0.052082 0.000000
v -0.093195 0.050236 -0.042493
v -0.099521 0.047042 -0.042492
v -0.093375 0.048836 -0.041826
v -0.096749 0.047133 -0.041826
v -0.004465 0.028785 -0.111174
v 0.004465 0.028785 -0.111174
v -0.002382 0.028390 -0.109659
v 0.002382 0.028390 -0.109659
v -0.052411 0.027925 -0.102823
v -0.059981 0.025482 -0.101819
v -0.053340 0.026961 -0.101287
v -0.057372 0.025656 -0.100743
v -0.004462 0.073433 -0.000000
v 0.004462 0.073433 -0.000000
v -0.002380 0.072437 -0.000000
v 0.002380 0.072437 -0.000000
v 0.004463 0.067554 -0.047409
v -0.004464 0.067554 -0.047409
v 0.002381 0.066638 -0.046755
v -0.002381 0.066638 -0.046755
v 0.077942 -0.042537 -0.074598
v 0.084266 -0.039344 -0.074595
v 0.078387 -0.041271 -0.073390
v 0.081760 -0.039569 -0.073389
v 0.102913 -0.002254 -0.085446
v 0.102913 0.002254 -0.085446
v 0.101505 -0.001202 -0.084281
v 0.101505 0.001202 -0.084281
v 0.099521 -0.047042 -0.042492
v 0.093195 -0.050236 -0.042493
v 0.096749 -0.047133 -0.041826
v 0.093375 -0.048836 -0.041826
v 0.133835 0.002253 -0.047409
v 0.133835 -0.002253 -0.047409
v 0.132019 0.001202 -0.046755
v 0.132019 -0.001202 -0.046755
v 0.052411 -0.027925 -0.102823
v 0.059981 -0.025483 -0.101819
v 0.053340 -0.026961 -0.101287
v 0.057372 -0.025656 -0.100743
v 0.064061 0.002255 -0.108540
v 0.064061 -0.002255 -0.108540
v 0.063196 0.001203 -0.107044
v 0.063196 -0.001203 -0.107044
v 0.046740 0.002254 -0.114249
v 0.046740 -0.002254 -0.114249
v 0.038394 -0.002252 -0.116365
v 0.038394 0.002252 -0.116365
v 0.046150 0.001203 -0.112803
v 0.044271 0.002224 -0.113136
v 0.044006 0.001111 -0.113149
v 0.044271 -0.002224 -0.113136
v 0.046150 -0.001203 -0.112803
v 0.044006 -0.001111 -0.113149
v 0.037868 -0.001201 -0.114786
v 0.039810 -0.002223 -0.114243
v 0.039869 -0.001110 -0.114129
v 0.039810 0.002223 -0.114243
v 0.037868 0.001201 -0.114786
v 0.039869 0.001110 -0.114129
v 0.084266 0.039344 -0.074595
v 0.077942 0.042537 -0.074598
v 0.081760 0.039569 -0.073389
v 0.078387 0.041271 -0.073390
v 0.093195 0.050236 -0.042493
v 0.099521 0.047042 -0.042492
v 0.093375 0.048836 -0.041826
v 0.096749 0.047133 -0.041826
v 0.059981 0.025482 -0.101819
v 0.052411 0.027925 -0.102823
v 0.057372 0.025656 -0.100743
v 0.053340 0.026961 -0.101287
v 0.098000 0.052659 0.022151
v 0.104327 0.049466 0.022151
v 0.098100 0.051220 0.021809
v 0.101475 0.049517 0.021809
v 0.086321 0.046762 0.059828
v 0.092647 0.043569 0.059829
v 0.086622 0.045424 0.058863
v 0.089996 0.043722 0.058864
v 0.004465 0.060767 0.067885
v -0.004465 0.060767 0.067885
v 0.002381 0.059940 0.066953
v -0.002381 0.059940 0.066953
v 0.029302 0.002255 0.118391
v 0.029302 -0.002255 0.118391
v 0.028912 0.001203 0.116767
v 0.028912 -0.001203 0.116767
v 0.004476 0.026750 0.112677
v -0.004476 0.026750 0.112677
v 0.002387 0.026344 0.111126
v -0.002387 0.026344 0.111126
v 0.081765 0.002254 0.099967
v 0.081765 -0.002254 0.099967
v 0.080636 0.001202 0.098609
v 0.080636 -0.001202 0.098609
v -0.004466 0.041646 0.099550
v 0.004466 0.041646 0.099550
v -0.002382 0.041073 0.098196
v 0.002382 0.041073 0.098196
v 0.142480 0.002253 0.024440
v 0.142480 -0.002253 0.024440
v 0.140548 0.001201 0.024101
v 0.140548 -0.001201 0.024101
v 0.120388 -0.002253 0.067885
v 0.120388 0.002254 0.067885
v 0.118751 -0.001202 0.066953
v 0.118751 0.001202 0.066953
v 0.068431 0.037840 0.086951
v 0.074766 0.034648 0.086965
v 0.068779 0.036528 0.085849
v 0.072157 0.034824 0.085856
v 0.022048 0.024458 0.112882
v 0.026017 0.020363 0.114273
v 0.022982 0.023226 0.111513
v 0.025100 0.021045 0.112266
v 0.004462 0.012244 0.119125
v -0.004462 0.012244 0.119125
v 0.002380 0.012041 0.117517
v -0.002380 0.012041 0.117517
v -0.092647 0.043569 0.059829
v -0.086321 0.046762 0.059828
v -0.089996 0.043722 0.058864
v -0.086622 0.045424 0.058863
v -0.029302 -0.002255 0.118391
v -0.029302 0.002255 0.118391
v -0.028912 -0.001203 0.116767
v -0.028912 0.001203 0.116767
v -0.081765 -0.002254 0.099967
v -0.081765 0.002254 0.099967
v -0.080636 -0.001202 0.098609
v -0.080636 0.001202 0.098609
v -0.120388 0.002254 0.067885
v -0.120388 -0.002253 0.067885
v -0.118751 0.001202 0.066953
v -0.118751 -0.001202 0.066953
v -0.074766 0.034648 0.086965
v -0.068431 0.037840 0.086951
v -0.072157 0.034824 0.085856
v -0.068779 0.036528 0.085849
v -0.026017 0.020363 0.114273
v -0.022048 0.024458 0.112882
v -0.025100 0.021045 0.112266
v -0.022982 0.023226 0.111513
v 0.104327 -0.049466 0.022151
v 0.098000 -0.052659 0.022151
v 0.101475 -0.049517 0.021809
v 0.098100 -0.051220 0.021809
v 0.092647 -0.043569 0.059829
v 0.086321 -0.046762 0.059828
v 0.089996 -0.043722 0.058864
v 0.086622 -0.045424 0.058863
v -0.004465 -0.060767 0.067885
v 0.004465 -0.060767 0.067885
v -0.002381 -0.059940 0.066953
v 0.002381 -0.059940 0.066953
v -0.004476 -0.026749 0.112677
v 0.004476 -0.026749 0.112677
v -0.002387 -0.026344 0.111126
v 0.002387 -0.026344 0.111126
v 0.004466 -0.041646 0.099550
v -0.004466 -0.041646 0.099550
v 0.002382 -0.041072 0.098196
v -0.002382 -0.041072 0.098196
v 0.074766 -0.034648 0.086965
v 0.068431 -0.037840 0.086951
v 0.072157 -0.034824 0.085856
v 0.068779 -0.036528 0.085849
v 0.026017 -0.020363 0.114273
v 0.022048 -0.024458 0.112882
v 0.025100 -0.021045 0.112266
v 0.022982 -0.023226 0.111513
v -0.004462 -0.012244 0.119125
v 0.004462 -0.012244 0.119125
v -0.002380 -0.012041 0.117517
v 0.002380 -0.012041 0.117517
v -0.086321 -0.046762 0.059828
v -0.092647 -0.043569 0.059829
v -0.086622 -0.045424 0.058863
v -0.089996 -0.043722 0.058864
v -0.068431 -0.037840 0.086951
v -0.074766 -0.034648 0.086965
v -0.068779 -0.036528 0.085849
v -0.072157 -0.034824 0.085856
v -0.022048 -0.024458 0.112882
v -0.026017 -0.020363 0.114273
v -0.022982 -0.023226 0.111513
v -0.025100 -0.021045 0.112266
v -0.104326 -0.049466 -0.022151
v -0.097999 -0.052660 -0.022151
v -0.101474 -0.049517 -0.021809
v -0.098100 -0.051220 -0.021809
v -0.092642 -0.043571 -0.059828
v -0.086317 -0.046764 -0.059829
v -0.089993 -0.043723 -0.058863
v -0.086619 -0.045426 -0.058864
v -0.142480 0.002253 -0.024440
v -0.142480 -0.002253 -0.024440
v -0.140548 0.001201 -0.024101
v -0.140548 -0.001201 -0.024101
v -0.120388 -0.002254 -0.067885
v -0.120388 0.002253 -0.067885
v -0.118751 -0.001202 -0.066953
v -0.118751 0.001202 -0.066953
v -0.004468 -0.014790 -0.118391
v 0.004468 -0.014790 -0.118391
v -0.002383 -0.014594 -0.116767
v 0.002383 -0.014594 -0.116767
v -0.052995 -0.002260 -0.112677
v -0.052995 0.002259 -0.112677
v -0.052191 -0.001205 -0.111126
v -0.052191 0.001205 -0.111126
v -0.004465 -0.041272 -0.099967
v 0.004465 -0.041272 -0.099967
v -0.002382 -0.040702 -0.098609
v 0.002382 -0.040702 -0.098609
v -0.082508 0.002254 -0.099550
v -0.082508 -0.002254 -0.099550
v -0.081371 0.001202 -0.098196
v -0.081371 -0.001202 -0.098196
v -0.004463 -0.071918 -0.024440
v 0.004463 -0.071918 -0.024440
v -0.002380 -0.070943 -0.024101
v 0.002380 -0.070943 -0.024101
v 0.004464 -0.060767 -0.067885
v -0.004465 -0.060767 -0.067885
v 0.002381 -0.059940 -0.066953
v -0.002381 -0.059940 -0.066953
v -0.074968 -0.034541 -0.086951
v -0.068642 -0.037739 -0.086965
v -0.072367 -0.034717 -0.085849
v -0.068992 -0.036422 -0.085856
v -0.048455 -0.011129 -0.112882
v -0.040343 -0.013132 -0.114273
v -0.046015 -0.011600 -0.111513
v -0.041694 -0.012669 -0.112266
v -0.024258 -0.002252 -0.119125
v -0.024258 0.002252 -0.119125
v -0.023855 -0.001201 -0.117517
v -0.023855 0.001201 -0.117517
v -0.097999 0.052660 -0.022151
v -0.104326 0.049466 -0.022151
v -0.098100 0.051220 -0.021809
v -0.101474 0.049517 -0.021809
v -0.086317 0.046764 -0.059829
v -0.092642 0.043571 -0.059828
v -0.086619 0.045426 -0.058864
v -0.089993 0.043723 -0.058863
v 0.004468 0.014790 -0.118391
v -0.004468 0.014790 -0.118391
v 0.002383 0.014594 -0.116767
v -0.002383 0.014594 -0.116767
v 0.004465 0.041272 -0.099967
v -0.004465 0.041272 -0.099967
v 0.002382 0.040702 -0.098609
v -0.002382 0.040702 -0.098609
v 0.004463 0.071918 -0.024440
v -0.004463 0.071918 -0.024440
v 0.002380 0.070943 -0.024101
v -0.002380 0.070943 -0.024101
v -0.004465 0.060767 -0.067885
v 0.004464 0.060767 -0.067885
v -0.002381 0.059940 -0.066953
v 0.002381 0.059940 -0.066953
v -0.068642 0.037739 -0.086965
v -0.074968 0.034541 -0.086951
v -0.068992 0.036422 -0.085856
v -0.072367 0.034717 -0.085849
v -0.040343 0.013132 -0.114273
v -0.048455 0.011129 -0.112882
v -0.041694 0.012669 -0.112266
v -0.046015 0.011600 -0.111513
v 0.086317 -0.046764 -0.059829
v 0.092642 -0.043571 -0.059828
v 0.086619 -0.045426 -0.058864
v 0.089993 -0.043723 -0.058863
v 0.120388 0.002254 -0.067885
v 0.120388 -0.002254 -0.067885
v 0.118751 0.001202 -0.066953
v 0.118751 -0.001202 -0.066953
v 0.052995 0.002259 -0.112677
v 0.052995 -0.002260 -0.112677
v 0.052191 0.001205 -0.111126
v 0.052191 -0.001205 -0.111126
v 0.082508 -0.002254 -0.099550
v 0.082508 0.002254 -0.099550
v 0.081371 -0.001202 -0.098196
v 0.081371 0.001202 -0.098196
v 0.068642 -0.037739 -0.086965
v 0.074967 -0.034541 -0.086951
v 0.068992 -0.036422 -0.085856
v 0.072366 -0.034717 -0.085849
v 0.040343 -0.013132 -0.114274
v 0.048455 -0.011129 -0.112882
v 0.041694 -0.012669 -0.112266
v 0.046015 -0.011600 -0.111513
v 0.024258 0.002252 -0.119125
v 0.024258 -0.002252 -0.119125
v 0.023855 0.001201 -0.117517
v 0.023855 -0.001201 -0.117517
v 0.092642 0.043571 -0.059828
v 0.086317 0.046764 -0.059829
v 0.089993 0.043723 -0.058863
v 0.086619 0.045426 -0.058864
v 0.074967 0.034541 -0.086951
v 0.068642 0.037739 -0.086965
v 0.072366 0.034717 -0.085849
v 0.068992 0.036422 -0.085856
v 0.048455 0.011129 -0.112882
v 0.040343 0.013132 -0.114274
v 0.046015 0.011600 -0.111513
v 0.041694 0.012669 -0.112266
v -0.004463 0.071918 0.024440
v 0.004463 0.071918 0.024440
v -0.002380 0.070943 0.024101
v 0.002380 0.070943 0.024101
v -0.104327 0.049466 0.022151
v -0.098000 0.052659 0.022151
v -0.101475 0.049517 0.021809
v -0.098100 0.051220 0.021809
v -0.142480 -0.002253 0.024440
v -0.142480 0.002253 0.024440
v -0.140548 -0.001201 0.024101
v -0.140548 0.001201 0.024101
v 0.004463 -0.071918 0.024440
v -0.004463 -0.071918 0.024440
v 0.002380 -0.070943 0.024101
v -0.002380 -0.070943 0.024101
v -0.098000 -0.052659 0.022151
v -0.104327 -0.049466 0.022151
v -0.098100 -0.051220 0.021809
v -0.101475 -0.049517 0.021809
v 0.097999 -0.052660 -0.022151
v 0.104325 -0.049466 -0.022151
v 0.098100 -0.051220 -0.021809
v 0.101474 -0.049517 -0.021809
v 0.142480 -0.002253 -0.024440
v 0.142480 0.002253 -0.024440
v 0.140548 -0.001201 -0.024101
v 0.140548 0.001201 -0.024101
v 0.104325 0.049466 -0.022151
v 0.097999 0.052660 -0.022151
v 0.101474 0.049517 -0.021809
v 0.098100 0.051220 -0.021809
vn 0.0971 0.9953 -0.0000
vn 0.2080 0.9703 0.1239
vn 0.2089 0.9779 -0.0000
vn -0.0966 0.9877 0.1231
vn 0.1709 0.9853 -0.0000
vn -0.0971 0.9953 -0.0000
vn 0.4182 -0.5205 0.7444
vn 0.3165 0.3131 0.8954
vn 0.2867 -0.5098 0.8111
vn 0.0966 0.9877 0.1231
vn 0.2063 0.9465 0.2483
vn 0.0959 0.9639 0.2485
vn 0.2056 0.9046 0.3734
vn -0.0964 0.9206 0.3783
vn 0.1817 0.9523 0.2451
vn -0.0959 0.9639 0.2485
vn -0.1000 0.8514 0.5148
vn 0.1943 0.9073 0.3729
vn 0.0964 0.9206 0.3783
vn 0.2067 0.8409 0.5001
vn -0.1817 0.9523 0.2451
vn 0.3201 0.8703 0.3744
vn 0.3243 0.9113 0.2536
vn 0.3175 0.8145 0.4856
vn 0.1555 0.9050 0.3960
vn 0.3839 0.6654 0.6402
vn 0.4597 0.7028 0.5429
vn 0.5886 0.8084 -0.0000
vn 0.2307 0.9666 -0.1116
vn 0.2362 0.9717 -0.0000
vn 0.3285 0.9358 0.1282
vn 0.3303 0.9439 -0.0000
vn 0.5543 0.7742 0.3056
vn 0.1893 0.9306 0.3133
vn 0.5123 0.7395 0.4366
vn 0.2867 0.5098 0.8111
vn 0.1550 -0.2668 0.9512
vn 0.3165 -0.3131 0.8954
vn 0.1432 0.5052 0.8510
vn -0.2673 -0.2414 0.9329
vn 0.2673 0.2414 0.9329
vn -0.0560 0.7589 0.6488
vn -0.1550 0.2668 0.9512
vn -0.1432 -0.5052 0.8510
vn 0.5400 0.5343 0.6503
vn 0.4650 -0.2871 0.8375
vn 0.6135 -0.2828 0.7373
vn 0.6135 0.2828 0.7373
vn 0.4069 0.5241 0.7481
vn 0.4650 0.2871 0.8375
vn 0.1383 0.6232 0.7698
vn 0.2270 -0.1847 0.9562
vn 0.4704 0.1154 0.8749
vn 0.4182 0.5205 0.7444
vn 0.5485 0.5292 0.6473
vn 0.6496 -0.5461 0.5290
vn 0.5400 -0.5343 0.6503
vn 0.1148 0.7468 0.6551
vn 0.6235 0.2791 0.7303
vn 0.2321 0.7193 0.6548
vn 0.1000 0.8514 0.5148
vn -0.1148 0.7468 0.6551
vn 0.2106 0.8362 0.5064
vn 0.8267 -0.5627 -0.0000
vn 0.9097 0.3492 -0.2247
vn 0.9339 0.3576 -0.0000
vn 0.8267 0.5627 -0.0000
vn 0.9097 -0.3492 0.2247
vn 0.9339 -0.3576 -0.0000
vn 0.7513 0.6320 0.1900
vn 0.9097 0.3492 0.2247
vn 0.7068 0.6046 0.3673
vn 0.8411 0.3285 0.4296
vn 0.7410 -0.5551 0.3779
vn 0.7389 0.3035 0.6015
vn 0.7663 0.6425 -0.0000
vn 0.5801 0.7992 0.1574
vn 0.7199 0.6743 0.1647
vn 0.7235 0.6903 -0.0000
vn 0.7095 0.6275 0.3207
vn 0.6370 0.5683 0.5209
vn 0.6931 0.5531 0.4622
vn 0.6739 0.4493 0.5865
vn 0.3200 0.7233 0.6119
vn 0.7410 0.5551 0.3779
vn 0.7389 -0.3035 0.6015
vn 0.8411 -0.3285 0.4296
vn 0.6496 0.5461 0.5290
vn 0.0560 0.7589 0.6488
vn 0.1550 0.2668 0.9512
vn -0.2673 0.2414 0.9329
vn 0.1108 0.8625 0.4938
vn 0.1146 0.7834 0.6109
vn -0.1383 0.6232 0.7698
vn 0.2297 0.7365 0.6362
vn -0.2080 0.9703 0.1239
vn -0.2089 0.9779 -0.0000
vn -0.2063 0.9465 0.2483
vn -0.1737 0.9773 0.1215
vn -0.1737 0.9773 -0.1215
vn 0.0959 0.9639 -0.2485
vn -0.1817 0.9523 -0.2451
vn -0.2056 0.9046 0.3734
vn -0.2067 0.8409 0.5001
vn 0.2307 0.9666 0.1116
vn 0.1737 0.9773 0.1215
vn -0.7095 0.6275 0.3207
vn -0.3285 0.9358 0.1282
vn -0.7199 0.6743 0.1647
vn -0.6496 -0.5461 0.5290
vn -0.6135 0.2828 0.7373
vn -0.7389 0.3035 0.6015
vn -0.3175 0.8145 0.4856
vn -0.3201 0.8703 0.3744
vn -0.3243 0.9113 0.2536
vn -0.2307 0.9666 -0.1116
vn -0.5886 0.8084 -0.0000
vn -0.2362 0.9717 -0.0000
vn -0.4182 -0.5205 0.7444
vn -0.3165 0.3131 0.8954
vn -0.4650 0.2871 0.8375
vn -0.3303 0.9439 -0.0000
vn -0.4182 0.5205 0.7444
vn -0.3165 -0.3131 0.8954
vn -0.2867 0.5098 0.8111
vn -0.1432 0.5052 0.8510
vn 0.2673 -0.2414 0.9329
vn 0.2225 0.4568 0.8613
vn -0.5123 0.7395 0.4366
vn -0.1555 0.9050 0.3960
vn -0.1893 0.9306 0.3133
vn -0.4704 0.1154 0.8749
vn -0.2321 0.7193 0.6548
vn -0.6496 0.5461 0.5290
vn -0.6135 -0.2828 0.7373
vn -0.5400 0.5343 0.6503
vn -0.2867 -0.5098 0.8111
vn -0.6235 0.2791 0.7303
vn -0.4069 0.5241 0.7481
vn -0.5485 0.5292 0.6473
vn -0.3839 0.6654 0.6402
vn -0.4597 0.7028 0.5429
vn -0.2270 -0.1847 0.9562
vn -0.6739 0.4493 0.5865
vn -0.6931 0.5531 0.4622
vn -0.7410 -0.5551 0.3779
vn -0.8411 0.3285 0.4296
vn 0.2534 0.6316 0.7327
vn -0.0838 0.5038 0.8597
vn 0.2798 0.5026 0.8180
vn -0.1943 0.9073 0.3729
vn -0.8267 0.5627 -0.0000
vn -0.9097 -0.3492 0.2247
vn -0.8039 0.5608 0.1981
vn 0.5123 -0.7395 0.4366
vn 0.1555 -0.9050 0.3960
vn 0.1893 -0.9306 0.3133
vn -0.9097 0.3492 0.2247
vn -0.7068 0.6046 0.3673
vn -0.7513 0.6320 0.1900
vn -0.9339 0.3576 -0.0000
vn -0.7663 0.6425 -0.0000
vn -0.5801 0.7992 0.1574
vn -0.5543 0.7742 0.3056
vn -0.3285 0.9358 -0.1282
vn -0.7094 0.6276 -0.3207
vn -0.7199 0.6743 -0.1647
vn -0.6370 0.5683 0.5209
vn -0.3200 0.7233 0.6119
vn -0.2146 0.9522 0.2173
vn -0.2307 0.9666 0.1116
vn -0.7410 0.5551 0.3779
vn -0.7389 -0.3035 0.6015
vn -0.5400 -0.5343 0.6503
vn -0.1108 0.8625 0.4938
vn -0.1146 0.7834 0.6109
vn -0.2281 -0.1461 0.9626
vn 0.0838 0.5038 0.8597
vn -0.2798 0.5026 0.8180
vn -0.2297 0.7365 0.6362
vn -0.2534 0.6316 0.7327
vn 0.2080 -0.9703 0.1239
vn 0.0971 -0.9953 -0.0000
vn 0.2089 -0.9779 -0.0000
vn 0.2063 -0.9465 0.2483
vn 0.0966 -0.9877 0.1231
vn 0.1146 -0.7834 0.6109
vn 0.4069 -0.5241 0.7481
vn 0.1709 -0.9853 -0.0000
vn -0.0966 -0.9877 0.1231
vn -0.0971 -0.9953 -0.0000
vn 0.2056 -0.9046 0.3734
vn 0.0959 -0.9639 0.2485
vn 0.2067 -0.8409 0.5001
vn 0.0964 -0.9206 0.3783
vn -0.1148 -0.7468 0.6551
vn 0.2106 -0.8362 0.5064
vn 0.2297 -0.7365 0.6362
vn 0.1817 -0.9523 0.2451
vn -0.0964 -0.9206 0.3783
vn -0.0959 -0.9639 0.2485
vn 0.7095 -0.6275 0.3207
vn 0.3285 -0.9358 0.1282
vn 0.7199 -0.6743 0.1647
vn 0.1148 -0.7468 0.6551
vn -0.2106 -0.8362 0.5064
vn 0.1000 -0.8514 0.5148
vn 0.3175 -0.8145 0.4856
vn 0.3201 -0.8703 0.3744
vn 0.3243 -0.9113 0.2536
vn 0.3303 -0.9439 -0.0000
vn 0.7199 -0.6743 -0.1647
vn 0.7235 -0.6903 -0.0000
vn 0.5543 -0.7742 0.3056
vn 0.2146 -0.9522 0.2173
vn 0.1432 -0.5052 0.8510
vn -0.2225 -0.4568 0.8613
vn -0.0560 -0.7589 0.6488
vn -0.1550 -0.2668 0.9512
vn 0.4704 -0.1154 0.8749
vn 0.2321 -0.7193 0.6548
vn -0.2106 0.8362 0.5064
vn 0.6235 -0.2791 0.7303
vn 0.5485 -0.5292 0.6473
vn 0.3839 -0.6654 0.6402
vn 0.4597 -0.7028 0.5429
vn 0.2270 0.1847 0.9562
vn 0.1383 -0.6232 0.7698
vn 0.6739 -0.4493 0.5865
vn 0.6931 -0.5531 0.4622
vn -0.2534 -0.6316 0.7327
vn 0.0838 -0.5038 0.8597
vn -0.2798 -0.5026 0.8180
vn -0.1383 -0.6232 0.7698
vn 0.2534 -0.6316 0.7327
vn -0.1943 -0.9073 0.3729
vn 0.9097 -0.3492 -0.2247
vn 0.8039 -0.5608 0.1981
vn 0.7068 -0.6046 0.3673
vn 0.7513 -0.6320 0.1900
vn 0.7663 -0.6425 -0.0000
vn 0.5801 -0.7992 0.1574
vn 0.5886 -0.8084 -0.0000
vn 0.2307 -0.9666 -0.1116
vn 0.2362 -0.9717 -0.0000
vn 0.6370 -0.5683 0.5209
vn 0.3200 -0.7233 0.6119
vn -0.1817 -0.9523 0.2451
vn 0.2281 -0.1461 0.9626
vn 0.1108 -0.8625 0.4938
vn 0.0560 -0.7589 0.6488
vn -0.0838 -0.5038 0.8597
vn -0.2080 -0.9703 0.1239
vn -0.2089 -0.9779 -0.0000
vn -0.1737 -0.9773 -0.1215
vn 0.0959 -0.9639 -0.2485
vn 0.0966 -0.9877 -0.1231
vn -0.1737 -0.9773 0.1215
vn -0.2063 -0.9465 0.2483
vn -0.2056 -0.9046 0.3734
vn 0.1737 -0.9773 0.1215
vn 0.2307 -0.9666 0.1116
vn -0.2067 -0.8409 0.5001
vn -0.5801 -0.7992 0.1574
vn -0.2146 -0.9522 0.2173
vn -0.5543 -0.7742 0.3056
vn -0.3201 -0.8703 0.3744
vn -0.3243 -0.9113 0.2536
vn -0.3175 -0.8145 0.4856
vn -0.1555 -0.9050 0.3960
vn -0.3839 -0.6654 0.6402
vn -0.4597 -0.7028 0.5429
vn -0.5886 -0.8084 -0.0000
vn -0.2307 -0.9666 0.1116
vn -0.3285 -0.9358 0.1282
vn -0.3303 -0.9439 -0.0000
vn -0.4650 -0.2871 0.8375
vn -0.1146 -0.7834 0.6109
vn -0.3201 -0.8703 -0.3744
vn -0.6733 -0.4540 -0.5836
vn -0.3173 -0.8146 -0.4855
vn -0.5123 -0.7395 0.4366
vn -0.4069 -0.5241 0.7481
vn -0.2270 0.1847 0.9562
vn -0.4704 -0.1154 0.8749
vn -0.5485 -0.5292 0.6473
vn -0.1893 -0.9306 0.3133
vn -0.6235 -0.2791 0.7303
vn -0.2321 -0.7193 0.6548
vn -0.1000 -0.8514 0.5148
vn 0.1943 -0.9073 0.3729
vn 0.2281 0.1461 0.9626
vn 0.2798 -0.5026 0.8180
vn -0.8411 0.3285 -0.4296
vn -0.8039 -0.5608 -0.1981
vn -0.9097 0.3492 -0.2247
vn -0.9339 -0.3576 -0.0000
vn -0.7513 -0.6320 0.1900
vn -0.7068 -0.6046 0.3673
vn -0.8411 -0.3285 0.4296
vn -0.8039 -0.5608 0.1981
vn -0.7663 -0.6425 -0.0000
vn -0.3285 -0.9358 -0.1282
vn -0.7094 -0.6276 -0.3207
vn -0.3243 -0.9113 -0.2536
vn -0.7095 -0.6275 0.3207
vn -0.7199 -0.6743 0.1647
vn -0.6370 -0.5683 0.5209
vn -0.6931 -0.5531 0.4622
vn -0.6739 -0.4493 0.5865
vn -0.3200 -0.7233 0.6119
vn -0.2281 0.1461 0.9626
vn -0.1108 -0.8625 0.4938
vn -0.2297 -0.7365 0.6362
vn -0.7513 -0.6320 -0.1900
vn -0.8267 -0.5627 -0.0000
vn -0.7410 0.5551 -0.3779
vn -0.7389 -0.3035 -0.6015
vn -0.8411 -0.3285 -0.4296
vn -0.9097 -0.3492 -0.2247
vn -0.7068 -0.6046 -0.3673
vn -0.6370 -0.5683 -0.5209
vn -0.7389 0.3035 -0.6015
vn -0.7410 -0.5551 -0.3779
vn -0.6146 0.2834 -0.7362
vn -0.6496 -0.5461 -0.5290
vn -0.5489 -0.5296 -0.6467
vn -0.5123 -0.7396 -0.4366
vn -0.5543 -0.7742 -0.3056
vn -0.4595 -0.7030 -0.5428
vn -0.3201 -0.7248 -0.6101
vn -0.7235 -0.6903 -0.0000
vn -0.5801 -0.7992 -0.1574
vn -0.6930 -0.5533 -0.4622
vn -0.2515 -0.5552 -0.7927
vn 0.1335 -0.3046 -0.9431
vn 0.1431 -0.5678 -0.8107
vn -0.2734 -0.3041 -0.9125
vn 0.1129 0.4905 -0.8641
vn -0.1129 -0.4905 -0.8641
vn -0.5030 0.1457 -0.8519
vn -0.1335 0.3046 -0.9431
vn 0.2734 0.3041 -0.9125
vn -0.2106 -0.8354 -0.5078
vn 0.1156 -0.7349 -0.6682
vn 0.0999 -0.8507 -0.5161
vn -0.0999 -0.8507 -0.5161
vn -0.2339 -0.7127 -0.6614
vn -0.1156 -0.7349 -0.6682
vn -0.3593 -0.3130 -0.8792
vn 0.0879 -0.4239 -0.9014
vn -0.0455 -0.7283 -0.6837
vn -0.2296 -0.7240 -0.6505
vn -0.2066 -0.8406 -0.5007
vn 0.1943 -0.9073 -0.3729
vn 0.2106 -0.8354 -0.5078
vn -0.4776 -0.2882 -0.8300
vn -0.0977 -0.8567 -0.5065
vn -0.4132 -0.5234 -0.7452
vn -0.6146 -0.2834 -0.7362
vn -0.4776 0.2882 -0.8300
vn -0.5410 -0.5347 -0.6492
vn -0.0966 -0.9877 -0.1231
vn 0.1737 -0.9773 -0.1215
vn -0.1709 -0.9853 -0.0000
vn -0.2080 -0.9703 -0.1239
vn -0.2063 -0.9465 -0.2483
vn -0.0959 -0.9639 -0.2485
vn 0.1817 -0.9523 -0.2451
vn -0.0964 -0.9206 -0.3783
vn -0.2307 -0.9666 -0.1116
vn -0.2362 -0.9717 -0.0000
vn -0.2146 -0.9522 -0.2173
vn -0.2056 -0.9046 -0.3734
vn -0.1892 -0.9306 -0.3132
vn -0.1537 -0.9047 -0.3974
vn -0.3828 -0.6648 -0.6415
vn -0.1817 -0.9523 -0.2451
vn 0.0964 -0.9206 -0.3783
vn -0.1943 -0.9073 -0.3729
vn -0.1431 -0.5678 -0.8107
vn -0.5030 -0.1457 -0.8519
vn -0.1335 -0.3046 -0.9431
vn -0.1129 0.4905 -0.8641
vn -0.6274 -0.3163 -0.7116
vn -0.5187 -0.2977 -0.8014
vn -0.3593 0.3130 -0.8792
vn -0.4292 -0.5255 -0.7346
vn -0.7513 0.6320 -0.1900
vn -0.7068 0.6046 -0.3673
vn -0.8039 0.5608 -0.1981
vn -0.6370 0.5683 -0.5209
vn -0.5489 0.5296 -0.6467
vn -0.7199 -0.6743 -0.1647
vn 0.2296 -0.7240 -0.6505
vn 0.2515 -0.5552 -0.7927
vn -0.2146 0.9522 -0.2173
vn -0.5801 0.7992 -0.1574
vn 0.1943 0.9073 -0.3729
vn -0.0999 0.8507 -0.5161
vn -0.0964 0.9206 -0.3783
vn -0.4595 0.7030 -0.5428
vn -0.5123 0.7396 -0.4366
vn -0.5543 0.7742 -0.3056
vn -0.3243 0.9113 -0.2536
vn -0.6930 0.5533 -0.4622
vn -0.2296 0.7240 -0.6505
vn 0.1431 0.5678 -0.8107
vn -0.2515 0.5552 -0.7927
vn -0.2734 0.3041 -0.9125
vn 0.1129 -0.4905 -0.8641
vn -0.2318 -0.4431 -0.8660
vn -0.3201 0.8703 -0.3744
vn -0.6733 0.4540 -0.5836
vn -0.0455 0.7283 -0.6837
vn -0.4132 0.5234 -0.7452
vn -0.1943 0.9073 -0.3729
vn 0.0999 0.8507 -0.5161
vn -0.2106 0.8354 -0.5078
vn 0.2515 0.5552 -0.7927
vn -0.1431 0.5678 -0.8107
vn -0.0977 0.8567 -0.5065
vn -0.2339 0.7127 -0.6614
vn -0.2066 0.8406 -0.5007
vn -0.3201 0.7248 -0.6101
vn -0.3173 0.8146 -0.4855
vn 0.0879 0.4239 -0.9015
vn -0.1537 0.9047 -0.3974
vn -0.1892 0.9306 -0.3132
vn -0.0966 0.9877 -0.1231
vn -0.3378 -0.5320 -0.7764
vn -0.2789 0.1820 -0.9429
vn -0.2487 -0.5433 -0.8018
vn -0.6496 0.5461 -0.5290
vn -0.1709 0.9853 -0.0000
vn 0.0966 0.9877 -0.1231
vn 0.1817 0.9523 -0.2451
vn -0.0959 0.9639 -0.2485
vn -0.2063 0.9465 -0.2483
vn -0.2080 0.9703 -0.1239
vn -0.7235 0.6903 -0.0000
vn -0.2056 0.9046 -0.3734
vn -0.3828 0.6648 -0.6415
vn 0.2296 0.7240 -0.6505
vn -0.1156 0.7349 -0.6682
vn 0.0964 0.9206 -0.3783
vn 0.2106 0.8354 -0.5078
vn -0.6274 0.3163 -0.7116
vn -0.5187 0.2977 -0.8014
vn 0.0692 0.4239 -0.9030
vn -0.2789 -0.1820 -0.9429
vn -0.2487 0.5433 -0.8018
vn -0.4292 0.5255 -0.7346
vn -0.3378 0.5320 -0.7764
vn 0.7513 -0.6320 -0.1900
vn 0.7068 -0.6046 -0.3673
vn 0.5187 -0.2977 -0.8014
vn 0.2339 -0.7127 -0.6614
vn 0.8039 0.5608 0.1981
vn 0.6370 -0.5683 -0.5209
vn 0.8411 -0.3285 -0.4296
vn 0.5489 -0.5296 -0.6467
vn 0.7389 -0.3035 -0.6015
vn 0.4776 0.2882 -0.8300
vn 0.5410 -0.5347 -0.6492
vn 0.4292 -0.5255 -0.7346
vn 0.7410 -0.5551 -0.3779
vn 0.7389 0.3035 -0.6015
vn 0.8411 0.3285 -0.4296
vn 0.2146 -0.9522 -0.2173
vn 0.5801 -0.7992 -0.1574
vn 0.4776 -0.2882 -0.8300
vn 0.5410 0.5347 -0.6492
vn 0.6146 -0.2834 -0.7362
vn 0.4595 -0.7030 -0.5428
vn 0.5123 -0.7396 -0.4366
vn 0.5543 -0.7742 -0.3056
vn 0.7410 0.5551 -0.3779
vn 0.2734 -0.3041 -0.9125
vn 0.2318 0.4431 -0.8660
vn 0.5030 0.1457 -0.8519
vn 0.1335 0.3046 -0.9431
vn 0.0455 -0.7283 -0.6837
vn 0.4132 -0.5234 -0.7452
vn -0.5410 0.5347 -0.6492
vn 0.0977 -0.8567 -0.5065
vn 0.2066 -0.8406 -0.5007
vn 0.3201 -0.7248 -0.6101
vn 0.3173 -0.8146 -0.4855
vn -0.0879 -0.4239 -0.9014
vn 0.3593 -0.3130 -0.8792
vn 0.1537 -0.9047 -0.3974
vn 0.1892 -0.9306 -0.3132
vn 0.3378 0.5320 -0.7764
vn 0.2789 -0.1820 -0.9429
vn 0.2487 0.5434 -0.8018
vn 0.3593 0.3130 -0.8792
vn 0.3378 -0.5320 -0.7764
vn 0.6496 0.5461 -0.5290
vn 0.2063 -0.9465 -0.2483
vn 0.2080 -0.9703 -0.1239
vn 0.3285 -0.9358 -0.1282
vn 0.3243 -0.9113 -0.2536
vn 0.3201 -0.8703 -0.3744
vn 0.2056 -0.9046 -0.3734
vn 0.3828 -0.6648 -0.6415
vn 0.7094 -0.6276 -0.3207
vn 0.0692 -0.4239 -0.9030
vn 0.6274 -0.3163 -0.7116
vn 0.6733 -0.4540 -0.5836
vn 0.5030 -0.1457 -0.8519
vn 0.2789 0.1820 -0.9429
vn 0.7513 0.6320 -0.1900
vn 0.8039 0.5608 -0.1981
vn 0.7068 0.6046 -0.3673
vn 0.6370 0.5683 -0.5209
vn 0.8039 -0.5608 -0.1981
vn 0.6930 -0.5533 -0.4622
vn 0.5489 0.5296 -0.6467
vn 0.3285 0.9358 -0.1282
vn 0.7094 0.6276 -0.3207
vn 0.3243 0.9113 -0.2536
vn 0.5123 0.7396 -0.4366
vn 0.5543 0.7742 -0.3056
vn 0.4595 0.7030 -0.5428
vn 0.6733 0.4540 -0.5836
vn 0.3201 0.7248 -0.6101
vn 0.3173 0.8146 -0.4855
vn 0.7199 0.6743 -0.1647
vn 0.5801 0.7992 -0.1574
vn 0.1156 0.7349 -0.6682
vn 0.5187 0.2977 -0.8014
vn 0.3201 0.8703 -0.3744
vn 0.2339 0.7127 -0.6614
vn -0.0879 0.4239 -0.9014
vn 0.0455 0.7283 -0.6837
vn 0.2066 0.8406 -0.5007
vn 0.6930 0.5533 -0.4622
vn 0.0977 0.8567 -0.5065
vn 0.4132 0.5234 -0.7452
vn 0.6146 0.2834 -0.7362
vn 0.6496 -0.5461 -0.5290
vn -0.0692 -0.4239 -0.9030
vn 0.2487 -0.5433 -0.8018
vn 0.2080 0.9703 -0.1239
vn 0.2063 0.9465 -0.2483
vn 0.1737 0.9773 -0.1215
vn 0.2146 0.9522 0.2173
vn 0.2146 0.9522 -0.2173
vn 0.2056 0.9046 -0.3734
vn 0.1892 0.9306 -0.3132
vn 0.1537 0.9047 -0.3974
vn 0.3828 0.6648 -0.6415
vn -0.0692 0.4239 -0.9030
vn 0.6274 0.3163 -0.7116
vn 0.4292 0.5255 -0.7346
vn -0.0504 0.4482 0.8925
vn -0.2403 0.1316 0.9617
vn -0.2225 0.4568 0.8613
vn 0.0145 0.0370 0.9992
vn 0.2403 0.1316 0.9617
vn -0.2403 -0.1316 0.9617
vn -0.0504 -0.4482 0.8925
vn 0.0145 -0.0370 0.9992
vn -0.0145 0.0370 0.9992
vn -0.0145 -0.0370 0.9992
vn 0.0504 -0.4482 0.8925
vn 0.2403 -0.1316 0.9617
vn 0.2225 -0.4568 0.8613
vn 0.0691 0.7475 0.6607
vn 0.0102 0.3724 0.9280
vn 0.0379 -0.0203 0.9991
vn 0.0504 0.4482 0.8925
vn 0.2187 0.2451 0.9445
vn -0.2187 0.2451 0.9445
vn -0.0102 0.3724 0.9280
vn 0.2178 0.5605 0.7990
vn 0.2118 0.7322 0.6473
vn -0.0189 0.4854 0.8741
vn 0.0189 0.4854 0.8741
vn -0.0691 0.7475 0.6607
vn -0.2178 0.5605 0.7990
vn -0.2118 0.7322 0.6473
vn -0.0102 -0.3724 0.9280
vn 0.2187 -0.2451 0.9445
vn -0.2187 -0.2451 0.9445
vn -0.0379 -0.0203 0.9991
vn 0.0379 0.0203 0.9991
vn 0.0691 -0.7475 0.6607
vn 0.0102 -0.3724 0.9280
vn 0.0189 -0.4854 0.8741
vn -0.0379 0.0203 0.9991
vn -0.0189 -0.4854 0.8741
vn -0.2178 -0.5605 0.7990
vn -0.0691 -0.7475 0.6607
vn -0.2118 -0.7322 0.6473
vn 0.0187 0.0288 -0.9994
vn -0.2443 0.1078 -0.9637
vn 0.2443 0.1078 -0.9637
vn 0.2178 -0.5605 0.7990
vn 0.2118 -0.7322 0.6473
vn -0.0618 0.4427 -0.8945
vn -0.2318 0.4431 -0.8660
vn -0.0187 -0.0288 -0.9994
vn -0.0618 -0.4427 -0.8945
vn 0.0618 0.4427 -0.8945
vn 0.0187 -0.0288 -0.9994
vn -0.0187 0.0288 -0.9994
vn 0.2443 -0.1078 -0.9637
vn 0.0618 -0.4427 -0.8945
vn 0.2318 -0.4431 -0.8660
vn -0.4881 -0.1772 -0.8546
vn -0.1985 -0.0212 -0.9799
vn 0.0102 -0.0750 -0.9971
vn -0.2443 -0.1078 -0.9637
vn -0.1182 -0.4141 -0.9025
vn -0.1985 0.0212 -0.9799
vn -0.1182 0.4141 -0.9025
vn -0.2975 -0.4537 -0.8401
vn -0.4320 -0.4906 -0.7567
vn -0.2697 0.0411 -0.9621
vn -0.2697 -0.0411 -0.9621
vn -0.4881 0.1772 -0.8546
vn -0.2975 0.4537 -0.8401
vn -0.4320 0.4906 -0.7567
vn 0.1182 0.4141 -0.9025
vn 0.1985 -0.0213 -0.9799
vn 0.1182 -0.4141 -0.9025
vn 0.0102 0.0750 -0.9971
vn -0.0102 -0.0750 -0.9971
vn 0.4881 -0.1772 -0.8546
vn 0.2697 -0.0411 -0.9621
vn -0.0102 0.0750 -0.9971
vn 0.1985 0.0213 -0.9799
vn 0.2975 0.4537 -0.8401
vn 0.4881 0.1772 -0.8546
vn 0.4320 0.4906 -0.7567
vn 0.7634 0.6237 0.1676
vn 0.2071 0.9783 -0.0000
vn 0.7691 0.6391 -0.0000
vn 0.2975 -0.4537 -0.8401
vn 0.2697 0.0411 -0.9621
vn 0.4320 -0.4906 -0.7567
vn 0.7469 0.5799 0.3253
vn 0.2026 0.9733 0.1079
vn 0.7211 0.5121 0.4666
vn 0.1897 0.9589 0.2108
vn 0.6851 0.4239 0.5924
vn 0.1695 0.9368 0.3060
vn 0.2252 0.9011 0.3706
vn -0.2425 0.8298 0.5026
vn -0.2252 0.9011 0.3706
vn 0.1427 0.9082 0.3935
vn -0.2125 0.9462 0.2439
vn 0.2425 0.8298 0.5026
vn 0.1391 0.5632 0.8145
vn 0.2734 -0.5687 0.7758
vn 0.1391 -0.5633 0.8145
vn 0.2734 0.5687 0.7758
vn 0.2930 0.5105 0.8084
vn -0.2930 0.5105 0.8084
vn -0.2788 0.6212 0.7324
vn 0.3994 0.5791 0.7107
vn 0.5150 -0.5920 0.6200
vn 0.3994 -0.5791 0.7107
vn 0.2788 0.6212 0.7324
vn 0.5150 0.5920 0.6200
vn 0.2621 0.7297 0.6316
vn -0.2621 0.7297 0.6316
vn 0.7568 0.6264 0.1868
vn 0.7769 -0.6297 -0.0000
vn 0.7568 -0.6264 0.1868
vn 0.7005 0.6175 0.3577
vn 0.7005 -0.6175 0.3577
vn 0.7769 0.6297 -0.0000
vn 0.6171 -0.6053 0.5028
vn 0.6171 0.6053 0.5028
vn 0.1023 0.8700 0.4824
vn 0.6174 0.2930 0.7300
vn 0.4591 0.1319 0.8786
vn 0.0349 0.8224 0.5679
vn 0.2369 -0.0740 0.9687
vn 0.0656 0.8325 0.5501
vn 0.3140 0.2382 0.9191
vn -0.3140 0.2382 0.9191
vn -0.7211 0.5121 0.4666
vn -0.1897 0.9589 0.2108
vn -0.1695 0.9368 0.3060
vn -0.6851 0.4239 0.5924
vn -0.1427 0.9082 0.3935
vn -0.7469 0.5799 0.3253
vn -0.1391 -0.5633 0.8145
vn -0.2734 0.5687 0.7758
vn -0.1391 0.5633 0.8145
vn -0.2734 -0.5687 0.7758
vn -0.3994 0.5791 0.7107
vn -0.5150 -0.5920 0.6200
vn -0.5150 0.5920 0.6200
vn -0.3994 -0.5791 0.7107
vn -0.6171 -0.6053 0.5028
vn -0.7005 0.6175 0.3577
vn -0.7005 -0.6175 0.3577
vn -0.1023 0.8700 0.4824
vn -0.6171 0.6053 0.5028
vn -0.4591 0.1319 0.8786
vn -0.0656 0.8325 0.5501
vn -0.6174 0.2930 0.7300
vn -0.0349 0.8224 0.5679
vn -0.2369 -0.0740 0.9687
vn 0.7634 -0.6237 0.1676
vn 0.2071 -0.9783 -0.0000
vn 0.2026 -0.9733 0.1079
vn 0.7469 -0.5799 0.3253
vn 0.1897 -0.9589 0.2108
vn 0.7691 -0.6391 -0.0000
vn 0.7211 -0.5121 0.4666
vn 0.1695 -0.9368 0.3060
vn 0.6851 -0.4239 0.5924
vn 0.1427 -0.9082 0.3935
vn -0.2252 -0.9011 0.3706
vn 0.2425 -0.8298 0.5026
vn 0.2252 -0.9011 0.3706
vn 0.2125 -0.9462 0.2439
vn -0.2425 -0.8298 0.5026
vn -0.2930 -0.5105 0.8084
vn 0.2930 -0.5105 0.8084
vn -0.2788 -0.6212 0.7324
vn 0.2788 -0.6212 0.7324
vn 0.2621 -0.7297 0.6316
vn -0.2621 -0.7297 0.6316
vn 0.1023 -0.8700 0.4824
vn 0.4591 -0.1319 0.8786
vn 0.0656 -0.8325 0.5501
vn 0.6174 -0.2930 0.7300
vn 0.0349 -0.8224 0.5679
vn 0.2369 0.0740 0.9687
vn -0.3140 -0.2382 0.9191
vn 0.3140 -0.2382 0.9191
vn -0.7211 -0.5121 0.4666
vn -0.1897 -0.9589 0.2108
vn -0.7469 -0.5799 0.3253
vn -0.6851 -0.4239 0.5924
vn -0.1695 -0.9368 0.3060
vn -0.1023 -0.8700 0.4824
vn -0.6174 -0.2930 0.7300
vn -0.1427 -0.9082 0.3935
vn -0.4591 -0.1319 0.8786
vn -0.0349 -0.8224 0.5679
vn -0.2368 0.0740 0.9687
vn -0.0656 -0.8325 0.5501
vn -0.2026 -0.9733 -0.1079
vn -0.7691 -0.6391 -0.0000
vn -0.2071 -0.9783 -0.0000
vn -0.1897 -0.9590 -0.2108
vn -0.7634 -0.6238 -0.1676
vn -0.1695 -0.9368 -0.3060
vn -0.7469 -0.5799 -0.3253
vn -0.1430 -0.9071 -0.3959
vn -0.7211 -0.5121 -0.4666
vn -0.7568 -0.6264 -0.1868
vn -0.7769 0.6297 -0.0000
vn -0.7769 -0.6297 -0.0000
vn -0.6872 -0.4240 -0.5899
vn -0.7005 0.6175 -0.3577
vn -0.7005 -0.6175 -0.3577
vn -0.7568 0.6264 -0.1868
vn -0.6171 -0.6053 -0.5028
vn -0.5160 0.5919 -0.6192
vn -0.6171 0.6053 -0.5028
vn -0.5160 -0.5919 -0.6192
vn -0.3139 -0.3043 -0.8994
vn 0.2903 -0.5479 -0.7846
vn 0.3139 -0.3043 -0.8994
vn -0.2903 -0.5479 -0.7846
vn -0.2506 -0.5647 -0.7863
vn -0.2506 0.5647 -0.7863
vn -0.3234 -0.5698 -0.7555
vn -0.3234 0.5698 -0.7555
vn -0.2650 -0.7174 -0.6443
vn 0.2428 -0.8290 -0.5038
vn 0.2650 -0.7174 -0.6443
vn -0.2428 -0.8290 -0.5038
vn -0.4107 -0.5790 -0.7043
vn -0.4107 0.5790 -0.7043
vn 0.2048 -0.9713 -0.1210
vn -0.2022 -0.9793 -0.0000
vn 0.2022 -0.9793 -0.0000
vn -0.2125 -0.9462 -0.2439
vn 0.2125 -0.9462 -0.2439
vn -0.2048 -0.9713 -0.1210
vn 0.2252 -0.9011 -0.3706
vn -0.2252 -0.9011 -0.3706
vn -0.6429 -0.2967 -0.7062
vn -0.1033 -0.8541 -0.5097
vn -0.0526 -0.7183 -0.6938
vn -0.5873 -0.0979 -0.8034
vn 0.0347 -0.4357 -0.8994
vn -0.5966 -0.1845 -0.7811
vn -0.1077 0.5572 -0.8234
vn -0.1077 -0.5572 -0.8234
vn -0.2026 0.9733 -0.1079
vn -0.7691 0.6391 -0.0000
vn -0.7634 0.6238 -0.1676
vn -0.1897 0.9590 -0.2108
vn -0.7469 0.5799 -0.3253
vn -0.2071 0.9783 -0.0000
vn -0.1695 0.9368 -0.3060
vn -0.7211 0.5121 -0.4666
vn -0.1430 0.9071 -0.3959
vn -0.6872 0.4240 -0.5899
vn -0.3139 0.3043 -0.8994
vn 0.2903 0.5479 -0.7846
vn -0.2903 0.5479 -0.7846
vn 0.3139 0.3043 -0.8994
vn -0.2650 0.7174 -0.6443
vn 0.2428 0.8290 -0.5038
vn -0.2428 0.8290 -0.5038
vn -0.2048 0.9713 -0.1210
vn 0.2022 0.9793 -0.0000
vn -0.2022 0.9793 -0.0000
vn 0.2650 0.7174 -0.6443
vn 0.2125 0.9462 -0.2439
vn -0.2125 0.9462 -0.2439
vn 0.2048 0.9713 -0.1210
vn 0.2252 0.9011 -0.3706
vn -0.2252 0.9011 -0.3706
vn -0.6429 0.2967 -0.7062
vn -0.0526 0.7183 -0.6938
vn -0.5966 0.1845 -0.7811
vn -0.1033 0.8541 -0.5097
vn -0.5873 0.0979 -0.8034
vn 0.0347 0.4357 -0.8994
vn 0.1695 -0.9368 -0.3060
vn 0.7469 -0.5799 -0.3253
vn 0.7211 -0.5121 -0.4666
vn 0.1430 -0.9071 -0.3959
vn 0.6872 -0.4240 -0.5899
vn 0.1897 -0.9590 -0.2108
vn 0.6171 0.6053 -0.5028
vn 0.5160 -0.5919 -0.6192
vn 0.6171 -0.6053 -0.5028
vn 0.7005 0.6175 -0.3577
vn 0.7005 -0.6175 -0.3577
vn 0.5160 0.5919 -0.6192
vn 0.2506 0.5647 -0.7863
vn 0.2506 -0.5647 -0.7863
vn 0.3234 -0.5698 -0.7555
vn 0.4107 0.5790 -0.7043
vn 0.3234 0.5697 -0.7555
vn 0.6429 -0.2967 -0.7062
vn 0.4107 -0.5790 -0.7043
vn 0.0526 -0.7183 -0.6938
vn 0.5966 -0.1845 -0.7811
vn 0.1033 -0.8541 -0.5097
vn 0.5873 -0.0979 -0.8034
vn -0.0347 -0.4357 -0.8994
vn 0.1077 0.5572 -0.8234
vn 0.1077 -0.5572 -0.8234
vn 0.1695 0.9368 -0.3060
vn 0.7469 0.5799 -0.3253
vn 0.1897 0.9590 -0.2108
vn 0.1430 0.9071 -0.3959
vn 0.7211 0.5121 -0.4666
vn 0.6429 0.2968 -0.7062
vn 0.1033 0.8541 -0.5097
vn 0.6872 0.4240 -0.5899
vn 0.0526 0.7183 -0.6938
vn 0.5873 0.0979 -0.8034
vn -0.0347 0.4357 -0.8994
vn 0.5966 0.1845 -0.7811
vn 0.2048 0.9713 0.1210
vn -0.2048 0.9713 0.1210
vn 0.2125 0.9462 0.2439
vn -0.7634 0.6237 0.1676
vn -0.2026 0.9733 0.1079
vn -0.7568 0.6264 0.1868
vn -0.7568 -0.6264 0.1868
vn 0.2048 -0.9713 0.1210
vn -0.2048 -0.9713 0.1210
vn -0.2125 -0.9462 0.2439
vn -0.7634 -0.6237 0.1676
vn -0.2026 -0.9733 0.1079
vn 0.2026 -0.9733 -0.1079
vn 0.7634 -0.6238 -0.1676
vn 0.7568 -0.6264 -0.1868
vn 0.7568 0.6264 -0.1868
vn 0.2026 0.9733 -0.1079
vn 0.7634 0.6238 -0.1676
vt 0.302137 0.725628
vt 0.335575 0.691429
vt 0.336380 0.724552
vt 0.435693 0.809081
vt 0.405568 0.773420
vt 0.436043 0.774372
vt 0.234823 0.036694
vt 0.211855 0.075248
vt 0.201513 0.048836
vt 0.301787 0.690919
vt 0.335659 0.659118
vt 0.303130 0.656850
vt 0.337212 0.628258
vt 0.440349 0.876150
vt 0.408216 0.845861
vt 0.437035 0.843150
vt 0.445964 0.908206
vt 0.412866 0.880487
vt 0.306443 0.623850
vt 0.340738 0.598886
vt 0.274310 0.654139
vt 0.365395 0.630977
vt 0.366691 0.659805
vt 0.364588 0.604426
vt 0.290711 0.119729
vt 0.269656 0.105142
vt 0.291123 0.104320
vt 0.410408 0.101888
vt 0.444603 0.127865
vt 0.411306 0.130012
vt 0.368324 0.690998
vt 0.369699 0.723497
vt 0.346619 0.102930
vt 0.317418 0.124482
vt 0.317726 0.103459
vt 0.566298 0.182741
vt 0.590053 0.220670
vt 0.555956 0.209153
vt 0.600109 0.196660
vt 0.618415 0.232168
vt 0.035643 0.484510
vt 0.028143 0.450645
vt 0.047141 0.456148
vt 0.071151 0.466204
vt 0.500148 0.160297
vt 0.523728 0.196807
vt 0.492553 0.186510
vt 0.275258 0.052604
vt 0.256491 0.089662
vt 0.244083 0.062902
vt 0.324900 0.534550
vt 0.328130 0.514527
vt 0.356983 0.544888
vt 0.532988 0.170600
vt 0.284115 0.080815
vt 0.300862 0.017808
vt 0.267663 0.026391
vt 0.319752 0.560853
vt 0.372282 0.578634
vt 0.347360 0.571071
vt 0.312058 0.591794
vt 0.453657 0.939147
vt 0.419345 0.914109
vt 0.407325 0.003851
vt 0.442987 0.033976
vt 0.408278 0.034326
vt 0.360486 0.137757
vt 0.394203 0.170055
vt 0.359533 0.168232
vt 0.376239 0.069853
vt 0.373608 0.036150
vt 0.343975 0.071972
vt 0.339671 0.039622
vt 0.335164 0.011007
vt 0.306917 0.044994
vt 0.409354 0.068569
vt 0.377878 0.102581
vt 0.395676 0.689303
vt 0.397823 0.722600
vt 0.391653 0.657801
vt 0.313242 0.075461
vt 0.386322 0.629344
vt 0.379907 0.603061
vt 0.363950 0.583056
vt 0.432648 0.144912
vt 0.460894 0.178900
vt 0.428140 0.173528
vt 0.466949 0.151714
vt 0.183261 0.105763
vt 0.177758 0.086765
vt 0.149396 0.098263
vt 0.265635 0.113969
vt 0.226634 0.104934
vt 0.458806 0.965450
vt 0.427221 0.946425
vt 0.469480 0.808571
vt 0.470286 0.775448
vt 0.469565 0.840882
vt 0.271781 0.689979
vt 0.274061 0.763110
vt 0.307433 0.794234
vt 0.278818 0.798742
vt 0.471118 0.871742
vt 0.474643 0.901114
vt 0.377929 0.129998
vt 0.405687 0.810021
vt 0.525559 0.842199
vt 0.502229 0.809002
vt 0.529581 0.810697
vt 0.116097 0.333044
vt 0.081301 0.358647
vt 0.088911 0.326989
vt 0.498493 0.895574
vt 0.499300 0.869023
vt 0.500597 0.840195
vt 0.006041 0.189303
vt 0.032017 0.223497
vt 0.003894 0.222600
vt 0.097211 0.399083
vt 0.058658 0.422051
vt 0.071004 0.389823
vt 0.503604 0.776503
vt 0.097211 0.600917
vt 0.058658 0.577949
vt 0.085070 0.567607
vt 0.071151 0.533796
vt 0.035643 0.515490
vt 0.058322 0.505177
vt 0.030447 0.316179
vt 0.014177 0.343195
vt 0.009424 0.316488
vt 0.490889 0.955112
vt 0.481266 0.928930
vt 0.116097 0.666956
vt 0.081301 0.641353
vt 0.107514 0.633757
vt 0.085070 0.432393
vt 0.506187 0.921367
vt 0.044243 0.377415
vt 0.053090 0.349791
vt 0.028763 0.364249
vt 0.029586 0.342783
vt 0.462036 0.985473
vt 0.513812 0.896939
vt 0.520227 0.870657
vt 0.122899 0.298742
vt 0.094283 0.294234
vt 0.434575 0.972379
vt 0.454876 0.981189
vt 0.439198 0.987127
vt 0.278960 0.619514
vt 0.130054 0.773420
vt 0.097756 0.739703
vt 0.127656 0.736891
vt 0.450085 0.237364
vt 0.477101 0.253634
vt 0.450393 0.258387
vt 0.097756 0.260298
vt 0.061933 0.289930
vt 0.064052 0.257667
vt 0.099579 0.225628
vt 0.065336 0.224552
vt 0.031325 0.256027
vt 0.030975 0.287286
vt 0.504297 0.743973
vt 0.529711 0.712300
vt 0.531715 0.744024
vt 0.058444 0.320663
vt 0.497856 0.916944
vt 0.005911 0.287700
vt 0.003907 0.255976
vt 0.122899 0.701258
vt 0.088911 0.673012
vt 0.107514 0.366243
vt 0.019937 0.368270
vt 0.028972 0.407272
vt 0.307985 0.505126
vt 0.320971 0.518811
vt 0.305293 0.512873
vt 0.293315 0.553575
vt 0.300670 0.527621
vt 0.201669 0.808571
vt 0.168232 0.774372
vt 0.202475 0.775448
vt 0.201754 0.840882
vt 0.167882 0.809082
vt 0.541178 0.238839
vt 0.511320 0.223568
vt 0.360486 0.397865
vt 0.324824 0.367740
vt 0.359533 0.367390
vt 0.203307 0.871742
vt 0.169224 0.843150
vt 0.206832 0.901114
vt 0.172537 0.876150
vt 0.194758 0.349776
vt 0.219796 0.384088
vt 0.187480 0.376212
vt 0.288044 0.395217
vt 0.257755 0.363084
vt 0.290756 0.366398
vt 0.257748 0.842199
vt 0.234418 0.809002
vt 0.261770 0.810697
vt 0.185846 0.939147
vt 0.151534 0.914109
vt 0.178152 0.908206
vt 0.230682 0.895574
vt 0.231489 0.869023
vt 0.232786 0.840195
vt 0.235793 0.776503
vt 0.263904 0.744024
vt 0.263917 0.777400
vt 0.421192 0.236836
vt 0.421605 0.261900
vt 0.167702 0.062755
vt 0.139082 0.075583
vt 0.028143 0.549355
vt 0.047141 0.543852
vt 0.223078 0.955112
vt 0.213455 0.928930
vt 0.285439 0.585891
vt 0.238376 0.921367
vt 0.483696 0.214720
vt 0.498155 0.239048
vt 0.476688 0.238225
vt 0.194225 0.985473
vt 0.190995 0.965450
vt 0.246001 0.896939
vt 0.252416 0.870657
vt 0.166764 0.972379
vt 0.187065 0.981189
vt 0.171387 0.987128
vt 0.168455 0.344627
vt 0.161527 0.368857
vt 0.145055 0.880487
vt 0.324824 0.167882
vt 0.370796 0.006250
vt 0.423836 0.205878
vt 0.391573 0.203758
vt 0.358457 0.202475
vt 0.389933 0.236486
vt 0.357403 0.235793
vt 0.323209 0.261770
vt 0.356506 0.263917
vt 0.454569 0.209367
vt 0.230045 0.916944
vt 0.140405 0.845861
vt 0.441890 0.994874
vt 0.502176 0.247874
vt 0.584550 0.239668
vt 0.152717 0.348557
vt 0.325335 0.333953
vt 0.358457 0.333147
vt 0.140156 0.736891
vt 0.173528 0.705766
vt 0.170055 0.739702
vt 0.137876 0.810021
vt 0.293023 0.333868
vt 0.262163 0.332315
vt 0.323884 0.397746
vt 0.389882 0.263904
vt 0.232792 0.328790
vt 0.031325 0.743973
vt 0.005911 0.712300
vt 0.030975 0.712714
vt 0.264883 0.304133
vt 0.293711 0.302836
vt 0.238331 0.304940
vt 0.014177 0.656805
vt 0.028763 0.635751
vt 0.029586 0.657217
vt 0.032017 0.776503
vt 0.003907 0.744024
vt 0.324903 0.301204
vt 0.357403 0.299828
vt 0.071004 0.610177
vt 0.028972 0.592728
vt 0.450085 0.298258
vt 0.477101 0.281988
vt 0.476688 0.297397
vt 0.030447 0.683821
vt 0.044243 0.622586
vt 0.148432 0.341397
vt 0.178794 0.312544
vt 0.053091 0.650209
vt 0.009424 0.683513
vt 0.212539 0.297246
vt 0.204976 0.322167
vt 0.225700 0.357469
vt 0.253419 0.390567
vt 0.139031 0.361543
vt 0.146778 0.364235
vt 0.098587 0.156850
vt 0.129935 0.189979
vt 0.099929 0.190919
vt 0.099579 0.774372
vt 0.064052 0.742333
vt 0.061933 0.710070
vt 0.094283 0.705766
vt 0.127655 0.263109
vt 0.065336 0.775448
vt 0.389933 0.299136
vt 0.421605 0.273722
vt 0.421192 0.298786
vt 0.291707 0.277874
vt 0.323209 0.273852
vt 0.058444 0.679337
vt 0.263249 0.283206
vt 0.236967 0.289621
vt 0.216962 0.305577
vt 0.174079 0.994874
vt 0.019937 0.631730
vt 0.159410 0.946425
vt 0.066142 0.808571
vt 0.130054 0.226580
vt 0.127406 0.845862
vt 0.095273 0.876150
vt 0.098587 0.843150
vt 0.099929 0.809082
vt 0.066057 0.840882
vt 0.064504 0.871742
vt 0.095273 0.123850
vt 0.127406 0.154139
vt 0.089658 0.091794
vt 0.122756 0.119513
vt 0.060979 0.901114
vt 0.036322 0.869023
vt 0.035025 0.840195
vt 0.037129 0.895574
vt 0.498155 0.296574
vt 0.356506 0.271705
vt 0.033393 0.809002
vt 0.450393 0.277235
vt 0.182741 0.567607
vt 0.220670 0.543852
vt 0.209153 0.577949
vt 0.196660 0.533796
vt 0.232168 0.515490
vt 0.499979 0.515490
vt 0.507479 0.549355
vt 0.488481 0.543852
vt 0.464472 0.533796
vt 0.160297 0.633757
vt 0.196807 0.610177
vt 0.186510 0.641353
vt 0.492553 0.349112
vt 0.511320 0.312054
vt 0.523728 0.338814
vt 0.076816 0.965450
vt 0.073586 0.985473
vt 0.044733 0.955112
vt 0.170600 0.600917
vt 0.483696 0.320901
vt 0.466949 0.383908
vt 0.500148 0.375325
vt 0.081965 0.939148
vt 0.029435 0.921367
vt 0.054356 0.928930
vt 0.089658 0.908206
vt 0.081965 0.060853
vt 0.116277 0.085891
vt 0.394203 0.365567
vt 0.397015 0.395466
vt 0.137757 0.773420
vt 0.391573 0.331863
vt 0.423836 0.329744
vt 0.428140 0.362094
vt 0.432648 0.390710
vt 0.460894 0.356722
vt 0.006041 0.810697
vt 0.003894 0.777400
vt 0.010063 0.842199
vt 0.454569 0.326255
vt 0.015395 0.870657
vt 0.021810 0.896939
vt 0.037766 0.916944
vt 0.144912 0.701258
vt 0.178900 0.673012
vt 0.151714 0.666956
vt 0.555956 0.326469
vt 0.584550 0.295954
vt 0.590053 0.314952
vt 0.618415 0.303453
vt 0.502176 0.287748
vt 0.541178 0.296783
vt 0.076816 0.034550
vt 0.108401 0.053575
vt 0.066142 0.191429
vt 0.066057 0.159118
vt 0.129935 0.810021
vt 0.064504 0.128258
vt 0.060979 0.098886
vt 0.389882 0.271718
vt 0.532988 0.365022
vt 0.566298 0.352880
vt 0.010063 0.157801
vt 0.033393 0.190998
vt 0.419525 0.666956
vt 0.454321 0.641353
vt 0.446711 0.673011
vt 0.037129 0.104426
vt 0.036322 0.130977
vt 0.035025 0.159805
vt 0.504647 0.712714
vt 0.526198 0.683512
vt 0.304505 0.899083
vt 0.343059 0.922051
vt 0.316647 0.932393
vt 0.330566 0.966204
vt 0.366074 0.984510
vt 0.343394 0.994823
vt 0.505175 0.683821
vt 0.521445 0.656805
vt 0.044733 0.044888
vt 0.054356 0.071070
vt 0.285619 0.833044
vt 0.320415 0.858647
vt 0.294202 0.866243
vt 0.450552 0.567607
vt 0.476964 0.577949
vt 0.029435 0.078633
vt 0.491379 0.622586
vt 0.482532 0.650209
vt 0.506859 0.635751
vt 0.506036 0.657217
vt 0.073586 0.014527
vt 0.021810 0.103061
vt 0.015395 0.129343
vt 0.437866 0.739702
vt 0.101046 0.027621
vt 0.080746 0.018811
vt 0.096424 0.012872
vt 0.122756 0.880487
vt 0.271662 0.726580
vt 0.303961 0.760298
vt 0.412723 0.701258
vt 0.441339 0.705766
vt 0.473689 0.710070
vt 0.471570 0.742333
vt 0.531728 0.777400
vt 0.477178 0.679337
vt 0.037766 0.083056
vt 0.438411 0.600917
vt 0.464618 0.610177
vt 0.312805 0.826989
vt 0.428108 0.633757
vt 0.515685 0.631730
vt 0.506650 0.592728
vt 0.093732 0.994874
vt 0.080746 0.981189
vt 0.096424 0.987128
vt 0.108401 0.946425
vt 0.101046 0.972379
vt 0.325335 0.201669
vt 0.293023 0.201754
vt 0.238839 0.592728
vt 0.223568 0.622586
vt 0.397015 0.140155
vt 0.262163 0.203307
vt 0.290756 0.169224
vt 0.232792 0.206832
vt 0.257755 0.172538
vt 0.573053 0.051941
vt 0.548015 0.017628
vt 0.580331 0.025504
vt 0.479767 0.006499
vt 0.510056 0.038632
vt 0.477056 0.035319
vt 0.291707 0.257748
vt 0.324903 0.234418
vt 0.194758 0.185846
vt 0.219796 0.151534
vt 0.225700 0.178153
vt 0.238331 0.230682
vt 0.264883 0.231489
vt 0.293711 0.232786
vt 0.288044 0.140405
vt 0.600109 0.338961
vt 0.628729 0.326133
vt 0.373574 0.950645
vt 0.354576 0.956148
vt 0.178794 0.223078
vt 0.204976 0.213455
vt 0.116277 0.914109
vt 0.212539 0.238376
vt 0.214720 0.650209
vt 0.239048 0.635751
vt 0.238225 0.657217
vt 0.148432 0.194225
vt 0.168455 0.190995
vt 0.236967 0.246001
vt 0.263249 0.252416
vt 0.161527 0.166764
vt 0.152717 0.187065
vt 0.146778 0.171387
vt 0.599356 0.057089
vt 0.606284 0.032859
vt 0.253419 0.145055
vt 0.205878 0.710070
vt 0.203759 0.742333
vt 0.236486 0.743973
vt 0.236836 0.712714
vt 0.237364 0.683821
vt 0.209367 0.679337
vt 0.216962 0.230045
vt 0.261900 0.712300
vt 0.093732 0.005126
vt 0.247874 0.631730
vt 0.253634 0.656805
vt 0.239668 0.549355
vt 0.615095 0.053160
vt 0.442476 0.067764
vt 0.323884 0.137876
vt 0.474788 0.067848
vt 0.505648 0.069401
vt 0.443927 0.003970
vt 0.258387 0.683512
vt 0.535019 0.072927
vt 0.370391 0.756028
vt 0.395806 0.787700
vt 0.370741 0.787286
vt 0.502928 0.097584
vt 0.474100 0.098880
vt 0.529480 0.096777
vt 0.387540 0.843195
vt 0.372953 0.864249
vt 0.372131 0.842783
vt 0.397809 0.755976
vt 0.442908 0.100513
vt 0.330713 0.889823
vt 0.372745 0.907272
vt 0.371270 0.816179
vt 0.357473 0.877415
vt 0.619379 0.060319
vt 0.589017 0.089172
vt 0.348626 0.849791
vt 0.392292 0.816488
vt 0.555272 0.104471
vt 0.562835 0.079549
vt 0.542111 0.044247
vt 0.514392 0.011149
vt 0.628780 0.040173
vt 0.621033 0.037482
vt 0.337664 0.757667
vt 0.339783 0.789930
vt 0.407967 0.736891
vt 0.346206 0.127995
vt 0.476104 0.123842
vt 0.343272 0.820663
vt 0.504562 0.118511
vt 0.530844 0.112096
vt 0.550849 0.096139
vt 0.139031 0.174079
vt 0.381780 0.868271
vt 0.187480 0.159410
vt 0.630622 0.206541
vt 0.632093 0.210379
vt 0.628729 0.209489
vt 0.319121 0.491049
vt 0.321783 0.497674
vt 0.319120 0.498020
vt 0.135718 0.076474
vt 0.137189 0.072636
vt 0.328652 0.497301
vt 0.322359 0.491031
vt 0.328652 0.491031
vt 0.061270 0.496717
vt 0.057431 0.498188
vt 0.058322 0.494823
vt 0.556492 0.502316
vt 0.563222 0.503693
vt 0.562082 0.506092
vt 0.623346 0.427920
vt 0.620730 0.434529
vt 0.620708 0.427577
vt 0.057432 0.501812
vt 0.061270 0.503283
vt 0.181235 0.497672
vt 0.183898 0.491047
vt 0.183898 0.498018
vt 0.442601 0.998296
vt 0.438939 0.996666
vt 0.620706 0.426159
vt 0.623317 0.419418
vt 0.623375 0.425758
vt 0.017263 0.479410
vt 0.015842 0.475567
vt 0.019283 0.476535
vt 0.336096 0.497177
vt 0.342305 0.491031
vt 0.342312 0.497177
vt 0.158339 0.118064
vt 0.154496 0.116642
vt 0.157371 0.114623
vt 0.134193 0.408698
vt 0.136923 0.402004
vt 0.136862 0.409100
vt 0.137598 0.490456
vt 0.136222 0.483725
vt 0.139998 0.489315
vt 0.305033 0.503334
vt 0.308696 0.501704
vt 0.227701 0.491439
vt 0.225112 0.498018
vt 0.225116 0.491060
vt 0.137239 0.364494
vt 0.135609 0.360831
vt 0.584380 0.978568
vt 0.591110 0.977191
vt 0.586075 0.980596
vt 0.174790 0.998296
vt 0.171128 0.996666
vt 0.342888 0.491031
vt 0.349096 0.497177
vt 0.342896 0.497177
vt 0.613316 0.250547
vt 0.609472 0.251969
vt 0.610440 0.248528
vt 0.623335 0.402732
vt 0.620739 0.409349
vt 0.620696 0.402397
vt 0.277903 0.498007
vt 0.275323 0.491425
vt 0.277906 0.491049
vt 0.015842 0.524433
vt 0.017264 0.520590
vt 0.019283 0.523465
vt 0.136222 0.441985
vt 0.137598 0.435255
vt 0.139998 0.436395
vt 0.206541 0.503283
vt 0.210379 0.501812
vt 0.209489 0.505177
vt 0.230939 0.498018
vt 0.228276 0.491393
vt 0.230939 0.491047
vt 0.632093 0.325242
vt 0.630622 0.329081
vt 0.329228 0.491031
vt 0.335521 0.497301
vt 0.329228 0.497301
vt 0.474352 0.503283
vt 0.478191 0.501812
vt 0.477300 0.505177
vt 0.542640 0.978568
vt 0.535910 0.977191
vt 0.537050 0.974792
vt 0.134193 0.425791
vt 0.136876 0.419208
vt 0.136828 0.426161
vt 0.344285 0.998188
vt 0.340447 0.996717
vt 0.177996 0.491049
vt 0.180659 0.497674
vt 0.177996 0.498020
vt 0.093021 0.001704
vt 0.096683 0.003334
vt 0.136904 0.434659
vt 0.134207 0.427952
vt 0.136878 0.427563
vt 0.518359 0.520590
vt 0.519780 0.524433
vt 0.516339 0.523465
vt 0.349679 0.497177
vt 0.355888 0.491031
vt 0.355895 0.497177
vt 0.609472 0.283653
vt 0.613316 0.285074
vt 0.610440 0.287094
vt 0.620706 0.411392
vt 0.623314 0.418134
vt 0.620645 0.418488
vt 0.563798 0.503693
vt 0.570528 0.502316
vt 0.564938 0.506092
vt 0.096683 0.996666
vt 0.093020 0.998296
vt 0.134193 0.497628
vt 0.136782 0.491049
vt 0.136778 0.498007
vt 0.630572 0.037222
vt 0.632202 0.040885
vt 0.612473 0.469873
vt 0.611097 0.463143
vt 0.614502 0.468179
vt 0.135609 0.174790
vt 0.137239 0.171128
vt 0.356479 0.497177
vt 0.362687 0.491031
vt 0.362679 0.497177
vt 0.250548 0.520590
vt 0.251969 0.524433
vt 0.248528 0.523465
vt 0.342016 0.478219
vt 0.374576 0.473286
vt 0.374119 0.480312
vt 0.272157 0.491060
vt 0.274736 0.497641
vt 0.272153 0.498018
vt 0.385874 0.975567
vt 0.384453 0.979410
vt 0.382434 0.976535
vt 0.612474 0.455837
vt 0.611097 0.462567
vt 0.608697 0.461427
vt 0.399282 0.689028
vt 0.401429 0.722485
vt 0.311585 0.476204
vt 0.342477 0.471194
vt 0.377885 0.133618
vt 0.411421 0.133618
vt 0.395277 0.657386
vt 0.284089 0.474328
vt 0.312057 0.469180
vt 0.346022 0.131644
vt 0.389983 0.628818
vt 0.258623 0.472515
vt 0.284577 0.467309
vt 0.317126 0.128179
vt 0.383612 0.602378
vt 0.506438 0.419678
vt 0.539614 0.426606
vt 0.506462 0.426711
vt 0.290268 0.123486
vt 0.281903 0.585121
vt 0.472710 0.426791
vt 0.415808 0.914879
vt 0.275400 0.618950
vt 0.166651 0.410959
vt 0.201286 0.417762
vt 0.166687 0.417937
vt 0.409306 0.881051
vt 0.166254 0.059384
vt 0.200190 0.045445
vt 0.136872 0.418095
vt 0.136829 0.411143
vt 0.601557 0.193289
vt 0.567621 0.179351
vt 0.612800 0.419078
vt 0.612851 0.426262
vt 0.301743 0.511493
vt 0.597938 0.426340
vt 0.435648 0.988507
vt 0.297094 0.526637
vt 0.234753 0.410696
vt 0.267364 0.417545
vt 0.234775 0.417635
vt 0.430999 0.973363
vt 0.266663 0.022906
vt 0.201257 0.410812
vt 0.501148 0.156812
vt 0.233632 0.033259
vt 0.571842 0.419359
vt 0.539583 0.419530
vt 0.534179 0.167164
vt 0.571879 0.426472
vt 0.597894 0.419197
vt 0.423697 0.947340
vt 0.367630 0.410534
vt 0.402786 0.417497
vt 0.367627 0.417459
vt 0.289792 0.552660
vt 0.370458 0.002694
vt 0.407214 0.000288
vt 0.333232 0.410534
vt 0.333235 0.417456
vt 0.397353 0.136599
vt 0.360597 0.134193
vt 0.334599 0.007462
vt 0.299918 0.417485
vt 0.267349 0.410613
vt 0.299909 0.410560
vt 0.433212 0.141368
vt 0.467735 0.148191
vt 0.234820 0.463843
vt 0.234286 0.470853
vt 0.300076 0.014286
vt 0.375705 0.577084
vt 0.198608 0.470144
vt 0.264361 0.117524
vt 0.158351 0.471715
vt 0.159959 0.478750
vt 0.331081 0.511992
vt 0.359892 0.542606
vt 0.183988 0.109399
vt 0.226175 0.108468
vt 0.207639 0.498036
vt 0.207640 0.491031
vt 0.146000 0.099734
vt 0.034171 0.487906
vt 0.547095 0.650183
vt 0.541947 0.678151
vt 0.540076 0.650671
vt 0.005727 0.316780
vt 0.002261 0.287883
vt 0.545282 0.624718
vt 0.538273 0.625227
vt 0.523888 0.871182
vt 0.529183 0.842614
vt 0.010419 0.343638
vt 0.590907 0.434619
vt 0.556292 0.427710
vt 0.590892 0.427641
vt 0.517518 0.897622
vt 0.074522 0.532349
vt 0.088460 0.566285
vt 0.074521 0.467651
vt 0.088460 0.433715
vt 0.522802 0.427740
vt 0.490211 0.434678
vt 0.490212 0.427747
vt 0.110999 0.632758
vt 0.522805 0.434679
vt 0.110999 0.367243
vt 0.100647 0.599726
vt 0.457652 0.434661
vt 0.100646 0.400274
vt 0.424338 0.427709
vt 0.424331 0.434632
vt 0.119620 0.333830
vt 0.536610 0.600914
vt 0.119620 0.666170
vt 0.016382 0.369544
vt 0.542911 0.564702
vt 0.535910 0.563804
vt 0.509610 0.922916
vt 0.544482 0.524445
vt 0.024506 0.449918
vt 0.025438 0.407731
vt 0.551517 0.526054
vt 0.464986 0.988008
vt 0.493798 0.957394
vt 0.342016 0.447491
vt 0.374576 0.452424
vt 0.342477 0.454517
vt 0.389926 0.267523
vt 0.356390 0.267523
vt 0.311585 0.449506
vt 0.312057 0.456530
vt 0.265376 0.810972
vt 0.267523 0.777516
vt 0.421789 0.265550
vt 0.284089 0.451382
vt 0.284577 0.458401
vt 0.261372 0.842614
vt 0.450686 0.262084
vt 0.258623 0.453196
vt 0.259133 0.460204
vt 0.256077 0.871183
vt 0.477543 0.257392
vt 0.251106 0.409710
vt 0.217988 0.402513
vt 0.251133 0.402678
vt 0.249707 0.897622
vt 0.219027 0.387625
vt 0.284879 0.402815
vt 0.147997 0.914879
vt 0.252855 0.394127
vt 0.144717 0.409207
vt 0.144772 0.402023
vt 0.141495 0.881051
vt 0.145399 0.367785
vt 0.159630 0.409293
vt 0.159677 0.402150
vt 0.167837 0.988507
vt 0.160542 0.372434
vt 0.185729 0.402325
vt 0.217954 0.409588
vt 0.185689 0.409438
vt 0.163188 0.973364
vt 0.155886 0.947340
vt 0.234820 0.461867
vt 0.186565 0.379736
vt 0.503450 0.251429
vt 0.198608 0.455566
vt 0.197709 0.462567
vt 0.241799 0.922916
vt 0.158351 0.453995
vt 0.583823 0.243305
vt 0.541637 0.242373
vt 0.159959 0.446960
vt 0.197175 0.988008
vt 0.225987 0.957394
vt 0.295379 0.491031
vt 0.295378 0.498036
vt 0.034171 0.512094
vt 0.621811 0.233640
vt 0.574983 0.830701
vt 0.569836 0.802733
vt 0.576859 0.803204
vt 0.262723 0.279545
vt 0.291291 0.274250
vt 0.573170 0.856166
vt 0.567964 0.830213
vt 0.005727 0.683220
vt 0.002261 0.712117
vt 0.236284 0.285915
vt 0.564498 0.879970
vt 0.571508 0.880504
vt 0.010419 0.656362
vt 0.210990 0.293823
vt 0.570799 0.916182
vt 0.016382 0.630456
vt 0.572370 0.956439
vt 0.579405 0.954830
vt 0.145897 0.338447
vt 0.176512 0.309635
vt 0.589970 0.974792
vt 0.024506 0.550082
vt 0.025438 0.592269
vt 0.576034 0.708111
vt 0.580967 0.740671
vt 0.573941 0.740213
vt 0.002435 0.810972
vt 0.000288 0.777516
vt 0.578049 0.677680
vt 0.583060 0.708572
vt 0.389926 0.268099
vt 0.356390 0.268099
vt 0.006439 0.842614
vt 0.579925 0.650184
vt 0.585073 0.678151
vt 0.421789 0.270072
vt 0.011734 0.871183
vt 0.581739 0.624718
vt 0.586944 0.650671
vt 0.450685 0.273538
vt 0.018104 0.897622
vt 0.319524 0.434535
vt 0.354782 0.427625
vt 0.354774 0.434562
vt 0.477543 0.278230
vt 0.133504 0.189863
vt 0.133618 0.226691
vt 0.284872 0.427527
vt 0.284867 0.434521
vt 0.133504 0.810137
vt 0.133618 0.773309
vt 0.130976 0.153796
vt 0.251120 0.434521
vt 0.217971 0.427465
vt 0.251122 0.427489
vt 0.130976 0.846204
vt 0.119814 0.914879
vt 0.119814 0.085121
vt 0.126316 0.881051
vt 0.590917 0.409533
vt 0.556282 0.402730
vt 0.590881 0.402555
vt 0.126316 0.118949
vt 0.601557 0.342332
vt 0.567621 0.356271
vt 0.193290 0.532349
vt 0.179351 0.566285
vt 0.144753 0.434679
vt 0.144734 0.427494
vt 0.099974 0.988507
vt 0.159660 0.434626
vt 0.159647 0.427483
vt 0.099974 0.011493
vt 0.104623 0.973364
vt 0.522815 0.409796
vt 0.490204 0.402947
vt 0.522793 0.402857
vt 0.104623 0.026636
vt 0.501148 0.378810
vt 0.556311 0.409680
vt 0.156812 0.632757
vt 0.534179 0.368457
vt 0.185713 0.434577
vt 0.217973 0.434541
vt 0.167165 0.599726
vt 0.185706 0.427464
vt 0.111925 0.052660
vt 0.389941 0.403033
vt 0.354773 0.409932
vt 0.354782 0.402995
vt 0.111925 0.947340
vt 0.397353 0.399023
vt 0.360597 0.401429
vt 0.424336 0.409958
vt 0.424333 0.403036
vt 0.136599 0.736553
vt 0.134193 0.773309
vt 0.433212 0.394254
vt 0.457650 0.403007
vt 0.490219 0.409879
vt 0.457659 0.409932
vt 0.141368 0.700694
vt 0.148191 0.666170
vt 0.590410 0.600914
vt 0.583400 0.600380
vt 0.467735 0.387430
vt 0.026012 0.922916
vt 0.584109 0.564702
vt 0.503450 0.284193
vt 0.582538 0.524445
vt 0.575503 0.526053
vt 0.070636 0.988009
vt 0.041824 0.957394
vt 0.583823 0.292317
vt 0.541637 0.293249
vt 0.154254 0.498036
vt 0.621811 0.301982
vt 0.154255 0.491031
vt 0.501451 0.512095
vt 0.548146 0.772774
vt 0.553079 0.740213
vt 0.555171 0.772312
vt 0.535334 0.743980
vt 0.535334 0.777516
vt 0.550161 0.803204
vt 0.557185 0.802733
vt 0.002435 0.189028
vt 0.000288 0.222484
vt 0.533361 0.712117
vt 0.552037 0.830700
vt 0.559056 0.830213
vt 0.006439 0.157386
vt 0.529895 0.683220
vt 0.553850 0.856166
vt 0.560859 0.855657
vt 0.011734 0.128817
vt 0.525203 0.656362
vt 0.166651 0.426360
vt 0.201289 0.419575
vt 0.201257 0.426525
vt 0.018104 0.102378
vt 0.327195 0.967651
vt 0.313256 0.933716
vt 0.166690 0.419382
vt 0.461101 0.532349
vt 0.447162 0.566285
vt 0.234753 0.426658
vt 0.267367 0.419826
vt 0.267348 0.426757
vt 0.290717 0.867243
vt 0.424623 0.632757
vt 0.301070 0.900274
vt 0.367630 0.426888
vt 0.402789 0.419943
vt 0.402795 0.426880
vt 0.434976 0.599726
vt 0.270505 0.763448
vt 0.268099 0.726691
vt 0.333238 0.419948
vt 0.333232 0.426870
vt 0.404410 0.736553
vt 0.402004 0.773309
vt 0.275273 0.799306
vt 0.299921 0.419902
vt 0.409179 0.700694
vt 0.299908 0.426827
vt 0.416003 0.666170
vt 0.562522 0.879970
vt 0.282097 0.833830
vt 0.519240 0.630456
vt 0.556221 0.916182
vt 0.563222 0.917080
vt 0.026012 0.077084
vt 0.554650 0.956439
vt 0.511116 0.550082
vt 0.510184 0.592269
vt 0.547615 0.954830
vt 0.070636 0.011992
vt 0.041824 0.042606
vt 0.464606 0.446440
vt 0.436639 0.441293
vt 0.464118 0.439421
vt 0.262084 0.683220
vt 0.265550 0.712117
vt 0.490072 0.444627
vt 0.489562 0.437618
vt 0.262723 0.256077
vt 0.291291 0.261372
vt 0.257392 0.656362
vt 0.506462 0.410782
vt 0.539580 0.417980
vt 0.506435 0.417814
vt 0.236283 0.249707
vt 0.548784 0.014092
vt 0.472711 0.410684
vt 0.472689 0.417678
vt 0.219027 0.147997
vt 0.514956 0.007589
vt 0.612851 0.411285
vt 0.612796 0.418469
vt 0.252855 0.141495
vt 0.622412 0.033932
vt 0.597890 0.418342
vt 0.145399 0.167837
vt 0.607269 0.029283
vt 0.571879 0.411054
vt 0.539614 0.410904
vt 0.160542 0.163188
vt 0.597938 0.411199
vt 0.186565 0.155886
vt 0.513875 0.435955
vt 0.581246 0.021981
vt 0.251429 0.630456
vt 0.550087 0.442256
vt 0.550986 0.435255
vt 0.210990 0.241799
vt 0.590344 0.443827
vt 0.243305 0.550082
vt 0.242373 0.592269
vt 0.588736 0.450862
vt 0.145897 0.197175
vt 0.176512 0.225987
vt 0.254680 0.498036
vt 0.254682 0.491031
vt 0.367545 0.987906
vt 0.233640 0.512094
vt 0.464606 0.479270
vt 0.436639 0.484418
vt 0.437110 0.477394
vt 0.505088 0.122172
vt 0.476520 0.127466
vt 0.490072 0.481084
vt 0.464118 0.486289
vt 0.395990 0.816780
vt 0.399455 0.787883
vt 0.531528 0.115801
vt 0.513875 0.489755
vt 0.514409 0.482745
vt 0.391297 0.843638
vt 0.556821 0.107894
vt 0.550087 0.483454
vt 0.385335 0.869544
vt 0.590344 0.481883
vt 0.588736 0.474849
vt 0.621914 0.063270
vt 0.591299 0.092081
vt 0.608697 0.464283
vt 0.377210 0.949918
vt 0.376279 0.907731
vt 0.438038 0.419887
vt 0.402118 0.810137
vt 0.438049 0.426848
vt 0.472692 0.419798
vt 0.268212 0.689863
vt 0.404646 0.846204
vt 0.550986 0.708110
vt 0.546053 0.740671
vt 0.543961 0.708572
vt 0.270741 0.653796
vt 0.000288 0.256020
vt 0.548971 0.677680
vt 0.533187 0.810972
vt 0.389944 0.427671
vt 0.131212 0.736553
vt 0.389936 0.434597
vt 0.131212 0.263447
vt 0.126443 0.700694
vt 0.319533 0.402921
vt 0.319518 0.409882
vt 0.126443 0.299306
vt 0.134307 0.810137
vt 0.284857 0.409808
vt 0.323768 0.401315
vt 0.136835 0.846204
vt 0.578874 0.772774
vt 0.287702 0.398787
vt 0.322933 0.270246
vt 0.571849 0.772312
vt 0.000288 0.743980
vt 0.406679 0.450331
vt 0.374119 0.445398
vt 0.406218 0.443306
vt 0.267523 0.743980
vt 0.437110 0.448316
vt 0.322933 0.265376
vt 0.438034 0.417571
vt 0.402795 0.410560
vt 0.438050 0.410610
vt 0.323768 0.134307
vt 0.444043 0.000401
vt 0.287702 0.136835
vt 0.406679 0.475379
vt 0.480109 0.002930
vt 0.444878 0.131471
vt 0.406218 0.482405
vt 0.401429 0.756020
vt 0.134233 0.417761
vt 0.633618 0.207590
vt 0.321783 0.491395
vt 0.134193 0.073685
vt 0.322359 0.497301
vt 0.060221 0.499712
vt 0.558186 0.500288
vt 0.623366 0.434169
vt 0.060221 0.500288
vt 0.181235 0.491393
vt 0.439740 0.999712
vt 0.620649 0.419063
vt 0.014380 0.478351
vt 0.336104 0.491031
vt 0.155554 0.119526
vt 0.134254 0.402358
vt 0.134193 0.485420
vt 0.305834 0.500288
vt 0.227695 0.497641
vt 0.134193 0.363693
vt 0.171929 0.999712
vt 0.349104 0.491031
vt 0.612257 0.253431
vt 0.623375 0.408981
vt 0.275318 0.497628
vt 0.014380 0.521649
vt 0.134193 0.440291
vt 0.207590 0.500288
vt 0.228276 0.497672
vt 0.633618 0.328032
vt 0.335521 0.491031
vt 0.475401 0.500288
vt 0.540946 0.980596
vt 0.134236 0.419542
vt 0.341495 0.999712
vt 0.180659 0.491395
vt 0.095882 0.000288
vt 0.134237 0.434292
vt 0.521242 0.521649
vt 0.349687 0.491031
vt 0.612257 0.282191
vt 0.623375 0.411794
vt 0.568834 0.500288
vt 0.095882 0.999712
vt 0.134199 0.491425
vt 0.633618 0.038023
vt 0.134193 0.171929
vt 0.356471 0.491031
vt 0.253431 0.521649
vt 0.274742 0.491439
vt 0.387337 0.978351
vt 0.614502 0.457531
vt 0.259133 0.465507
vt 0.197709 0.463143
vt 0.556300 0.434660
vt 0.457657 0.427735
vt 0.543620 0.600380
vt 0.234286 0.454857
vt 0.566162 0.855657
vt 0.563798 0.917080
vt 0.588747 0.625227
vt 0.319530 0.427575
vt 0.389938 0.409958
vt 0.591110 0.563804
vt 0.234778 0.419719
vt 0.367630 0.419962
vt 0.555512 0.880504
vt 0.571839 0.418167
vt 0.514409 0.442965
vt 0.489562 0.488092
vt 0.550986 0.490456
vt 0.134193 0.411511
s 1
usemtl Ball
f 175/1/1 45/2/2 3/3/3
f 199/4/4 557/5/5 141/6/6
f 637/7/7 50/8/8 322/9/9
f 185/10/10 4/11/11 45/2/2
f 46/12/12 47/13/13 4/11/11
f 200/14/14 318/15/15 64/16/16
f 63/17/17 626/18/18 200/14/14
f 186/19/19 2/20/20 47/13/13
f 317/21/21 186/19/19 46/12/12
f 4/11/11 187/22/22 48/23/23
f 47/13/13 43/24/24 187/22/22
f 298/25/25 191/26/26 41/27/27
f 57/28/28 885/29/29 309/30/30
f 3/3/3 188/31/31 49/32/32
f 45/2/2 48/23/23 188/31/31
f 58/33/33 622/34/34 195/35/35
f 321/36/36 217/37/37 83/38/38
f 630/39/39 718/40/40 217/37/37
f 662/41/41 685/42/42 203/43/43
f 670/44/44 662/41/41 203/43/43
f 301/45/45 218/46/46 75/47/47
f 42/48/48 52/49/49 190/50/50
f 51/51/51 657/52/52 325/53/53
f 638/54/54 83/38/38 218/46/46
f 1/55/55 191/26/26 52/49/49
f 650/56/56 42/48/48 302/57/57
f 325/53/53 192/58/58 51/51/51
f 653/59/59 53/60/60 325/53/53
f 53/60/60 44/61/61 192/58/58
f 206/62/62 305/63/63 63/17/17
f 350/64/64 283/65/65 54/66/66
f 349/67/67 221/68/68 87/69/69
f 54/66/66 55/70/70 193/71/71
f 193/71/71 6/72/72 56/73/73
f 353/74/74 196/75/75 650/56/56
f 5/76/76 194/77/77 55/70/70
f 49/32/32 617/78/78 310/79/79
f 188/31/31 313/80/80 617/78/78
f 55/70/70 58/33/33 6/72/72
f 6/72/72 195/35/35 59/81/81
f 48/23/23 621/82/82 313/80/80
f 297/83/83 197/84/84 653/59/59
f 59/81/81 41/27/27 1/55/55
f 354/85/85 224/86/86 89/87/87
f 56/73/73 59/81/81 196/75/75
f 196/75/75 1/55/55 42/48/48
f 649/88/88 75/47/47 224/86/86
f 50/8/8 658/89/89 189/90/90
f 187/22/22 297/83/83 621/82/82
f 2/20/20 197/84/84 43/24/24
f 658/89/89 661/91/91 189/90/90
f 52/49/49 654/92/92 326/93/93
f 68/94/94 641/95/95 206/62/62
f 176/96/96 141/6/6 31/97/97
f 9/98/98 199/4/4 176/96/96
f 858/99/99 46/12/12 185/10/10
f 801/100/100 172/101/101 561/102/102
f 65/103/103 64/16/16 9/98/98
f 8/104/104 200/14/14 65/103/103
f 57/28/28 618/105/105 194/77/77
f 64/16/16 857/106/106 199/4/4
f 381/107/107 202/108/108 862/109/109
f 677/110/110 61/111/111 210/112/112
f 62/113/113 65/103/103 201/114/114
f 201/114/114 9/98/98 66/115/115
f 786/116/116 136/117/117 541/118/118
f 674/119/119 67/120/120 204/121/121
f 66/115/115 176/96/96 202/108/108
f 202/108/108 31/97/97 144/122/122
f 673/123/123 100/124/124 386/125/125
f 669/126/126 717/127/127 332/128/128
f 209/129/129 373/130/130 665/131/131
f 390/132/132 206/62/62 70/133/133
f 678/134/134 94/135/135 378/136/136
f 385/137/137 203/43/43 67/120/120
f 70/133/133 682/138/138 390/132/132
f 61/111/111 69/139/139 7/140/140
f 7/140/140 205/141/141 60/142/142
f 686/143/143 68/94/94 390/132/132
f 374/144/144 201/114/114 666/145/145
f 393/146/146 210/112/112 71/147/147
f 346/148/148 212/149/149 634/150/150
f 625/151/151 44/61/61 186/19/19
f 70/133/133 63/17/17 8/104/104
f 473/152/152 235/153/153 865/154/154
f 223/155/155 397/156/156 693/157/157
f 207/158/158 10/159/159 177/160/160
f 131/161/161 177/160/160 29/162/162
f 29/162/162 208/163/163 136/117/117
f 177/160/160 72/164/164 208/163/163
f 666/145/145 66/115/115 381/107/107
f 264/165/165 545/166/166 785/167/167
f 10/159/159 209/129/129 72/164/164
f 73/168/168 60/142/142 209/129/129
f 374/144/144 211/169/169 62/113/113
f 208/163/163 382/170/170 861/171/171
f 394/172/172 238/173/173 678/134/134
f 377/174/174 204/121/121 61/111/111
f 210/112/112 7/140/140 73/168/168
f 71/147/147 73/168/168 10/159/159
f 681/175/175 69/139/139 389/176/176
f 8/104/104 211/169/169 70/133/133
f 373/130/130 205/141/141 681/175/175
f 360/177/177 198/178/178 633/179/179
f 51/51/51 642/180/180 345/181/181
f 67/120/120 685/42/42 389/176/176
f 78/182/182 178/183/183 13/184/184
f 14/185/185 213/186/186 78/182/182
f 218/46/46 417/187/187 85/188/188
f 510/189/189 227/190/190 121/191/191
f 80/192/192 79/193/193 14/185/185
f 12/194/194 214/195/195 80/192/192
f 234/196/196 402/197/197 706/198/198
f 413/199/199 228/200/200 97/201/201
f 410/202/202 216/203/203 690/204/204
f 220/205/205 401/206/206 77/207/207
f 76/208/208 80/192/192 215/209/209
f 215/209/209 14/185/185 81/210/210
f 82/211/211 877/212/212 405/213/213
f 91/214/214 693/157/157 409/215/215
f 81/210/210 78/182/182 216/203/203
f 216/203/203 13/184/184 82/211/211
f 190/50/50 326/93/93 50/8/8
f 629/216/216 661/91/91 330/217/217
f 730/218/218 717/127/127 231/219/219
f 418/220/220 220/205/205 86/221/221
f 192/58/58 306/222/222 642/180/180
f 322/9/9 189/90/90 629/216/216
f 86/221/221 710/223/223 418/220/220
f 75/47/47 85/188/188 11/224/224
f 11/224/224 219/225/225 74/226/226
f 714/227/227 84/228/228 418/220/220
f 398/229/229 215/209/209 694/230/230
f 422/231/231 226/232/232 702/233/233
f 101/234/234 706/198/198 421/235/235
f 77/207/207 698/236/236 214/195/195
f 86/221/221 77/207/207 12/194/194
f 269/237/237 349/67/67 87/69/69
f 645/238/238 56/73/73 353/74/74
f 221/68/68 16/239/239 88/240/240
f 87/69/69 88/240/240 15/241/241
f 15/241/241 222/242/242 90/243/243
f 88/240/240 91/214/214 222/242/242
f 694/230/230 81/210/210 410/202/202
f 878/244/244 90/243/243 406/245/245
f 16/239/239 223/155/155 91/214/214
f 92/246/246 74/226/226 223/155/155
f 398/229/229 225/247/247 76/208/208
f 214/195/195 414/248/248 79/193/193
f 357/249/249 212/149/149 686/143/143
f 302/57/57 190/50/50 637/7/7
f 224/86/86 11/224/224 92/246/246
f 89/87/87 92/246/246 16/239/239
f 709/250/250 85/188/188 417/187/187
f 12/194/194 225/247/247 86/221/221
f 397/156/156 219/225/225 709/250/250
f 718/40/40 713/251/251 217/37/37
f 421/235/235 240/252/252 101/234/234
f 83/38/38 713/251/251 417/187/187
f 121/191/191 179/253/253 25/254/254
f 766/255/255 158/256/256 277/257/257
f 79/193/193 869/258/258 213/186/186
f 227/190/190 19/259/259 179/253/253
f 97/201/201 98/260/260 19/259/259
f 870/261/261 97/201/201 227/190/190
f 90/243/243 689/262/262 406/245/245
f 228/200/200 18/263/263 98/260/260
f 236/264/264 445/265/265 105/266/266
f 19/259/259 229/267/267 99/268/268
f 98/260/260 95/269/269 229/267/267
f 442/270/270 233/271/271 93/272/272
f 116/273/273 874/274/274 236/264/264
f 25/254/254 230/275/275 124/276/276
f 179/253/253 99/268/268 230/275/275
f 232/277/277 450/278/278 100/124/124
f 204/121/121 389/176/176 69/139/139
f 251/279/279 454/280/280 107/281/281
f 237/282/282 442/270/270 93/272/272
f 345/181/181 198/178/178 51/51/51
f 72/164/164 665/131/131 382/170/170
f 94/135/135 102/283/283 232/277/277
f 101/234/234 729/284/284 449/285/285
f 386/125/125 231/219/219 669/126/126
f 17/286/286 233/271/271 102/283/283
f 105/266/266 722/287/287 237/282/282
f 449/285/285 234/196/196 101/234/234
f 725/288/288 103/289/289 449/285/285
f 103/289/289 96/290/290 234/196/196
f 697/291/291 96/290/290 228/200/200
f 425/292/292 240/252/252 701/293/293
f 133/294/294 741/295/295 255/296/296
f 111/297/297 180/298/298 235/153/153
f 235/153/153 20/299/299 104/300/300
f 866/301/301 71/147/147 207/158/158
f 23/302/302 236/264/264 180/298/298
f 250/303/303 470/304/304 125/305/305
f 230/275/275 446/306/306 873/307/307
f 180/298/298 105/266/266 20/299/299
f 20/299/299 237/282/282 106/308/308
f 99/268/268 721/309/309 446/306/306
f 441/310/310 239/311/311 725/288/288
f 106/308/308 93/272/272 17/286/286
f 865/154/154 104/300/300 394/172/172
f 104/300/300 106/308/308 238/173/173
f 238/173/173 17/286/286 94/135/135
f 378/136/136 232/277/277 673/123/123
f 100/124/124 730/218/218 231/219/219
f 229/267/267 441/310/310 721/309/309
f 18/263/263 239/311/311 95/269/269
f 426/312/312 226/232/232 714/227/227
f 102/283/283 726/313/313 450/278/278
f 84/228/228 705/314/314 220/205/205
f 111/297/297 112/315/315 23/302/302
f 255/296/296 474/316/316 131/161/161
f 478/317/317 242/318/318 113/319/319
f 241/320/320 24/321/321 112/315/315
f 113/319/319 114/322/322 24/321/321
f 256/323/323 477/324/324 133/294/294
f 130/325/325 746/326/326 256/323/323
f 242/318/318 22/327/327 114/322/322
f 473/152/152 241/320/320 111/297/297
f 24/321/321 243/328/328 115/329/329
f 114/322/322 109/330/330 243/328/328
f 454/280/280 247/331/331 107/281/281
f 124/276/276 873/307/307 465/332/332
f 23/302/302 244/333/333 116/273/273
f 112/315/315 115/329/329 244/333/333
f 125/305/305 738/334/334 251/279/279
f 481/335/335 273/336/336 154/337/337
f 750/338/338 842/339/339 273/336/336
f 782/340/340 813/341/341 259/342/342
f 794/343/343 782/340/340 259/342/342
f 457/344/344 274/345/345 148/346/346
f 108/347/347 119/348/348 246/349/349
f 118/350/350 777/351/351 485/352/352
f 758/353/353 154/337/337 274/345/345
f 21/354/354 247/331/331 119/348/348
f 770/355/355 108/347/347 458/356/356
f 485/352/352 248/357/357 118/350/350
f 773/358/358 120/359/359 485/352/352
f 120/359/359 110/360/360 248/357/357
f 262/361/361 461/362/362 130/325/325
f 510/189/189 249/363/363 765/364/364
f 509/365/365 277/257/257 178/183/183
f 121/191/191 122/366/366 249/363/363
f 249/363/363 26/367/367 123/368/368
f 513/369/369 252/370/370 770/355/355
f 25/254/254 250/303/303 122/366/366
f 116/273/273 733/371/371 466/372/372
f 244/333/333 469/373/373 733/371/371
f 122/366/366 125/305/305 26/367/367
f 26/367/367 251/279/279 126/374/374
f 115/329/329 737/375/375 469/373/373
f 453/376/376 253/377/377 773/358/358
f 126/374/374 107/281/281 21/354/354
f 514/378/378 280/379/379 158/256/256
f 123/368/368 126/374/374 252/370/370
f 252/370/370 21/354/354 108/347/347
f 769/380/380 148/346/346 280/379/379
f 117/381/381 778/382/382 245/383/383
f 243/328/328 453/376/376 737/375/375
f 22/327/327 253/377/377 109/330/330
f 778/382/382 781/384/384 245/383/383
f 119/348/348 774/385/385 486/386/386
f 138/387/387 761/388/388 262/361/361
f 132/389/389 131/161/161 29/162/162
f 30/390/390 255/296/296 132/389/389
f 742/391/391 113/319/319 241/320/320
f 474/316/316 207/158/158 131/161/161
f 134/392/392 133/294/294 30/390/390
f 28/393/393 256/323/323 134/392/392
f 124/276/276 734/394/394 250/303/303
f 757/395/395 117/381/381 482/396/396
f 546/397/397 258/398/398 786/116/116
f 805/399/399 128/400/400 266/401/401
f 129/402/402 134/392/392 257/403/403
f 257/403/403 30/390/390 135/404/404
f 136/117/117 861/171/171 541/118/118
f 145/405/405 789/406/406 545/166/166
f 135/404/404 132/389/389 258/398/398
f 258/398/398 29/162/162 136/117/117
f 797/407/407 168/408/408 550/409/409
f 793/410/410 841/411/411 492/412/412
f 265/413/413 533/414/414 789/406/406
f 554/415/415 262/361/361 140/416/416
f 806/417/417 162/418/418 538/419/419
f 549/420/420 259/342/342 137/421/421
f 140/416/416 810/422/422 554/415/415
f 128/400/400 139/423/423 27/424/424
f 27/424/424 261/425/425 127/426/426
f 814/427/427 138/387/387 554/415/415
f 534/428/428 257/403/403 790/429/429
f 557/5/5 263/430/430 141/6/6
f 506/431/431 268/432/432 754/433/433
f 745/434/434 110/360/360 242/318/318
f 140/416/416 130/325/325 28/393/393
f 558/435/435 291/436/436 801/100/100
f 562/437/437 266/401/401 143/438/438
f 263/430/430 32/439/439 142/440/440
f 141/6/6 142/440/440 31/97/97
f 31/97/97 264/165/165 144/122/122
f 142/440/440 145/405/405 264/165/165
f 790/429/429 135/404/404 546/397/397
f 862/109/109 144/122/122 542/441/441
f 32/439/439 265/413/413 145/405/405
f 146/442/442 127/426/426 265/413/413
f 534/428/428 267/443/443 129/402/402
f 798/444/444 137/421/421 260/445/445
f 561/102/102 294/446/446 806/417/417
f 537/447/447 260/445/445 128/400/400
f 266/401/401 27/424/424 146/442/442
f 143/438/438 146/442/442 32/439/439
f 809/448/448 139/423/423 553/449/449
f 28/393/393 267/443/443 140/416/416
f 533/414/414 261/425/425 809/448/448
f 520/450/450 254/451/451 753/452/452
f 118/350/350 762/453/453 505/454/454
f 137/421/421 813/341/341 553/449/449
f 181/455/455 87/69/69 15/241/241
f 35/456/456 269/237/237 181/455/455
f 274/345/345 581/457/457 156/458/458
f 646/459/459 89/87/87 221/68/68
f 152/460/460 151/461/461 35/456/456
f 34/462/462 270/463/463 152/460/460
f 290/464/464 570/465/465 830/466/466
f 577/467/467 284/468/468 165/469/469
f 573/470/470 272/471/471 878/244/244
f 276/472/472 569/473/473 150/474/474
f 149/475/475 152/460/460 271/476/476
f 271/476/476 35/456/456 153/477/477
f 690/204/204 82/211/211 405/213/213
f 270/463/463 578/478/478 151/461/461
f 153/477/477 181/455/455 272/471/471
f 272/471/471 15/241/241 90/243/243
f 246/349/349 486/386/386 117/381/381
f 749/479/479 781/384/384 490/480/480
f 854/481/481 841/411/411 287/482/482
f 582/483/483 276/472/472 157/484/484
f 248/357/357 462/485/485 762/453/453
f 482/396/396 245/383/383 749/479/479
f 157/484/484 834/486/486 582/483/483
f 148/346/346 156/458/458 33/487/487
f 33/487/487 275/488/488 147/489/489
f 838/490/490 155/491/491 582/483/483
f 566/492/492 271/476/476 818/493/493
f 586/494/494 282/495/495 826/496/496
f 169/497/497 830/466/466 585/498/498
f 150/474/474 822/499/499 270/463/463
f 157/484/484 150/474/474 34/462/462
f 213/186/186 509/365/365 178/183/183
f 765/364/364 123/368/368 513/369/369
f 277/257/257 36/500/500 182/501/501
f 178/183/183 182/501/501 13/184/184
f 13/184/184 278/502/502 82/211/211
f 182/501/501 159/503/503 278/502/502
f 818/493/493 153/477/477 573/470/470
f 222/242/242 409/215/215 689/262/262
f 36/500/500 279/504/504 159/503/503
f 160/505/505 147/489/489 279/504/504
f 566/492/492 281/506/506 149/475/475
f 278/502/502 574/507/507 877/212/212
f 517/508/508 268/432/432 814/427/427
f 458/356/356 246/349/349 757/395/395
f 280/379/379 33/487/487 160/505/505
f 158/256/256 160/505/505 36/500/500
f 833/509/509 156/458/458 581/457/457
f 34/462/462 281/506/506 157/484/484
f 565/510/510 275/488/488 833/509/509
f 842/339/339 837/511/511 273/336/336
f 585/498/498 296/512/512 169/497/497
f 154/337/337 837/511/511 581/457/457
f 54/66/66 183/513/513 5/76/76
f 350/64/64 193/71/71 645/238/238
f 151/461/461 881/514/514 269/237/237
f 283/65/65 39/515/515 183/513/513
f 165/469/469 166/516/516 39/515/515
f 882/517/517 165/469/469 283/65/65
f 159/503/503 817/518/518 574/507/507
f 284/468/468 38/519/519 166/516/516
f 292/520/520 609/521/521 173/522/522
f 39/515/515 285/523/523 167/524/524
f 166/516/516 163/525/525 285/523/523
f 606/526/526 289/527/527 161/528/528
f 49/32/32 886/529/529 292/520/520
f 5/76/76 286/530/530 57/28/28
f 183/513/513 167/524/524 286/530/530
f 288/531/531 614/532/532 168/408/408
f 260/445/445 553/449/449 139/423/423
f 293/533/533 606/526/526 161/528/528
f 505/454/454 254/451/451 118/350/350
f 144/122/122 785/167/167 542/441/441
f 162/418/418 170/534/534 288/531/531
f 169/497/497 853/535/535 613/536/536
f 550/409/409 287/482/482 793/410/410
f 37/537/537 289/527/527 170/534/534
f 173/522/522 846/538/538 293/533/533
f 613/536/536 290/464/464 169/497/497
f 849/539/539 171/540/540 613/536/536
f 171/540/540 164/541/541 290/464/464
f 821/542/542 164/541/541 284/468/468
f 589/543/543 296/512/512 825/544/544
f 558/435/435 185/10/10 175/1/1
f 175/1/1 184/545/545 291/436/436
f 291/436/436 40/546/546 172/101/101
f 802/547/547 143/438/438 263/430/430
f 3/3/3 292/520/520 184/545/545
f 194/77/77 314/548/548 58/33/33
f 286/530/530 610/549/549 885/29/29
f 184/545/545 173/522/522 40/546/546
f 40/546/546 293/533/533 174/550/550
f 167/524/524 845/551/551 610/549/549
f 605/552/552 295/553/553 849/539/539
f 174/550/550 161/528/528 37/537/537
f 279/504/504 565/510/510 817/518/518
f 172/101/101 174/550/550 294/446/446
f 294/446/446 37/537/537 162/418/418
f 538/419/419 288/531/531 797/407/407
f 168/408/408 854/481/481 287/482/482
f 285/523/523 605/552/552 845/551/551
f 38/519/519 295/553/553 163/525/525
f 590/554/554 282/495/495 838/490/490
f 170/534/534 850/555/555 614/532/532
f 155/491/491 829/556/556 276/472/472
f 333/557/557 334/558/558 329/559/559
f 334/560/558 344/561/560 342/562/561
f 336/563/562 337/564/563 330/217/217
f 341/565/564 335/566/565 338/567/566
f 339/568/567 340/569/568 331/570/569
f 365/571/570 363/572/571 361/573/572
f 344/574/560 339/575/567 343/576/573
f 342/577/561 343/578/573 332/128/128
f 341/579/564 336/580/562 340/581/568
f 361/582/572 362/583/574 357/249/249
f 370/584/575 363/585/571 372/586/576
f 364/587/577 365/588/570 358/589/578
f 369/590/579 363/591/571 366/592/580
f 367/593/581 368/594/582 359/595/583
f 434/596/584 429/597/585 433/598/586
f 372/599/576 367/600/581 371/601/587
f 370/602/575 371/603/587 360/177/177
f 369/604/579 364/605/577 368/606/582
f 429/607/585 430/608/588 425/292/292
f 438/609/589 431/610/590 440/611/591
f 432/612/592 433/613/586 426/312/312
f 437/614/593 431/615/590 434/616/584
f 435/617/594 436/618/595 427/619/596
f 498/620/597 493/621/598 497/622/599
f 439/623/600 437/624/593 435/625/594
f 438/626/589 439/627/600 428/628/601
f 436/629/595 434/630/584 432/631/592
f 493/632/598 494/633/602 489/634/603
f 494/635/602 504/636/604 502/637/605
f 496/638/606 497/639/599 490/480/480
f 501/640/607 495/641/608 498/642/597
f 499/643/609 500/644/610 491/645/611
f 525/646/612 523/647/613 521/648/614
f 504/649/604 499/650/609 503/651/615
f 502/652/605 503/653/615 492/412/412
f 500/654/610 498/655/597 496/656/606
f 521/657/614 522/658/616 517/508/508
f 522/659/616 532/660/617 530/661/618
f 524/662/619 525/663/612 518/664/620
f 529/665/621 523/666/613 526/667/622
f 527/668/623 528/669/624 519/670/625
f 597/671/626 595/672/627 593/673/628
f 532/674/617 527/675/623 531/676/629
f 530/677/618 531/678/629 520/450/450
f 529/679/621 524/680/619 528/681/624
f 593/682/628 594/683/630 589/543/543
f 602/684/631 595/685/627 604/686/632
f 596/687/633 597/688/626 590/554/554
f 598/689/634 604/690/632 595/691/627
f 599/692/635 600/693/636 591/694/637
f 619/695/638 311/696/639 312/697/640
f 603/698/641 601/699/642 599/700/635
f 602/701/631 603/702/641 592/703/643
f 600/704/636 598/705/634 596/706/633
f 310/79/79 619/707/638 312/708/640
f 315/709/644 620/710/645 619/695/638
f 620/711/645 309/30/30 311/712/639
f 617/78/78 315/713/644 619/707/638
f 623/714/646 316/715/647 315/709/644
f 316/716/647 618/105/105 620/711/645
f 313/80/80 623/717/646 315/713/644
f 299/718/648 624/719/649 623/714/646
f 624/720/649 314/548/548 316/716/647
f 621/82/82 299/721/648 623/717/646
f 628/722/650 308/723/651 627/724/652
f 300/725/653 622/34/34 624/720/649
f 625/151/151 308/726/651 306/222/222
f 319/727/654 628/722/650 627/724/652
f 307/728/655 626/18/18 305/63/63
f 317/21/21 627/729/652 625/151/151
f 632/730/656 324/731/657 631/732/658
f 628/733/650 318/15/15 626/18/18
f 322/9/9 631/734/658 324/735/657
f 632/730/656 337/736/563 333/737/557
f 632/738/656 321/36/36 323/739/659
f 330/217/217 631/734/658 629/216/216
f 636/740/660 370/584/575 635/741/661
f 632/738/656 329/559/559 630/39/39
f 360/177/177 635/742/661 370/602/575
f 347/743/662 636/740/660 635/741/661
f 636/744/660 357/249/249 362/583/574
f 633/179/179 347/745/662 635/742/661
f 640/746/663 304/747/664 639/748/665
f 348/749/666 634/150/150 636/744/660
f 637/7/7 304/750/664 302/57/57
f 323/751/659 639/748/665 324/731/657
f 303/752/667 638/54/54 301/45/45
f 322/9/9 639/753/665 637/7/7
f 643/754/668 308/723/651 307/755/655
f 640/756/663 321/36/36 638/54/54
f 641/95/95 307/728/655 305/63/63
f 644/757/669 348/758/666 347/743/662
f 308/726/651 642/180/180 306/222/222
f 641/95/95 348/749/666 643/759/668
f 648/760/670 352/761/671 647/762/672
f 347/745/662 642/180/180 644/763/669
f 350/64/64 647/764/672 352/765/671
f 356/766/673 647/762/672 355/767/674
f 648/768/670 349/67/67 351/769/675
f 645/238/238 355/770/674 647/764/672
f 652/771/676 303/772/667 651/773/677
f 356/774/673 646/459/459 648/768/670
f 649/88/88 303/752/667 301/45/45
f 355/767/674 651/773/677 356/766/673
f 304/750/664 650/56/56 302/57/57
f 354/85/85 651/775/677 649/88/88
f 656/776/678 299/718/648 655/777/679
f 652/778/676 353/74/74 650/56/56
f 297/83/83 655/779/679 299/721/648
f 327/780/680 656/776/678 655/777/679
f 656/781/678 298/25/25 300/725/653
f 325/53/53 655/779/679 653/59/59
f 660/782/681 327/780/680 659/783/682
f 656/781/678 326/93/93 654/92/92
f 325/53/53 659/784/682 327/785/680
f 367/600/581 659/783/682 371/601/587
f 660/786/681 326/93/93 328/787/683
f 657/52/52 371/603/587 659/784/682
f 664/788/684 336/580/562 663/789/685
f 660/786/681 359/595/583 658/89/89
f 330/217/217 663/790/685 336/563/562
f 664/788/684 368/606/582 364/605/577
f 664/791/684 331/570/569 340/569/568
f 661/91/91 368/594/582 663/790/685
f 668/792/686 384/793/687 667/794/688
f 364/587/577 662/41/41 664/791/684
f 382/170/170 667/795/688 384/796/687
f 376/797/689 667/794/688 375/798/690
f 668/799/686 381/107/107 383/800/691
f 665/131/131 375/801/690 667/795/688
f 672/802/692 388/803/693 671/804/694
f 376/805/689 666/145/145 668/799/686
f 386/125/125 671/806/694 388/807/693
f 672/802/692 343/576/573 339/575/567
f 672/808/692 385/137/137 387/809/695
f 332/128/128 671/806/694 669/126/126
f 675/810/696 379/811/697 380/812/698
f 672/808/692 331/570/569 670/44/44
f 673/123/123 380/813/698 378/136/136
f 388/803/693 676/814/699 675/810/696
f 379/815/697 674/119/119 377/174/174
f 386/125/125 675/816/696 673/123/123
f 679/817/700 380/812/698 379/811/697
f 676/818/699 385/137/137 674/119/119
f 677/110/110 379/815/697 377/174/174
f 396/819/701 679/817/700 395/820/702
f 380/813/698 678/134/134 378/136/136
f 393/146/146 679/821/700 677/110/110
f 683/822/703 376/797/689 375/798/690
f 680/823/704 394/172/172 678/134/134
f 373/130/130 683/824/703 375/801/690
f 392/825/705 683/822/703 391/826/706
f 684/827/707 374/144/144 376/805/689
f 389/176/176 683/824/703 681/175/175
f 687/828/708 392/825/705 391/826/706
f 684/827/707 390/132/132 682/138/138
f 389/176/176 687/829/708 391/830/706
f 688/831/709 365/571/570 361/573/572
f 688/832/709 390/132/132 392/833/705
f 358/589/578 687/829/708 685/42/42
f 692/834/710 408/835/711 691/836/712
f 361/582/572 686/143/143 688/832/709
f 406/245/245 691/837/712 408/838/711
f 412/839/713 691/836/712 411/840/714
f 692/841/710 405/213/213 407/842/715
f 689/262/262 411/843/714 691/837/712
f 696/844/716 411/840/714 695/845/717
f 412/846/713 690/204/204 692/841/710
f 409/215/215 695/847/717 411/843/714
f 400/848/718 695/845/717 399/849/719
f 696/850/716 410/202/202 412/846/713
f 693/157/157 399/851/719 695/847/717
f 700/852/720 404/853/721 699/854/722
f 400/855/718 694/230/230 696/850/716
f 697/291/291 404/856/721 402/197/197
f 415/857/723 700/852/720 699/854/722
f 403/858/724 698/236/236 401/206/206
f 413/199/199 699/859/722 697/291/291
f 704/860/725 429/597/585 703/861/726
f 700/862/720 414/248/248 698/236/236
f 425/292/292 703/863/726 429/607/585
f 424/864/727 703/861/726 423/865/728
f 704/866/725 426/312/312 433/613/586
f 701/293/293 423/867/728 703/863/726
f 708/868/729 403/869/724 707/870/730
f 424/871/727 702/233/233 704/866/725
f 705/314/314 403/858/724 401/206/206
f 708/868/729 424/864/727 423/865/728
f 404/856/721 706/198/198 402/197/197
f 705/314/314 424/871/727 707/872/730
f 711/873/731 400/848/718 399/849/719
f 423/867/728 706/198/198 708/874/729
f 397/156/156 711/875/731 399/851/719
f 420/876/732 711/873/731 419/877/733
f 712/878/734 398/229/229 400/855/718
f 417/187/187 711/875/731 709/250/250
f 715/879/735 420/876/732 419/877/733
f 712/878/734 418/220/220 710/223/223
f 417/187/187 715/880/735 419/881/733
f 716/882/736 436/629/595 432/631/592
f 716/883/736 418/220/220 420/884/732
f 427/619/596 715/880/735 713/251/251
f 720/885/737 342/562/561 719/886/738
f 432/612/592 714/227/227 716/883/736
f 332/128/128 719/887/738 342/577/561
f 435/625/594 719/886/738 439/623/600
f 720/888/737 329/559/559 334/558/558
f 717/127/127 439/627/600 719/887/738
f 723/889/739 447/890/740 448/891/741
f 435/617/594 718/40/40 720/888/737
f 446/306/306 723/892/739 448/893/741
f 443/894/742 724/895/743 723/889/739
f 724/896/743 445/265/265 447/897/740
f 721/309/309 443/898/742 723/892/739
f 728/899/744 443/894/742 727/900/745
f 444/901/746 722/287/287 724/896/743
f 441/310/310 727/902/745 443/898/742
f 451/903/747 728/899/744 727/900/745
f 728/904/744 442/270/270 444/901/746
f 449/285/285 727/902/745 725/288/288
f 732/905/748 451/903/747 731/906/749
f 728/904/744 450/278/278 726/313/313
f 449/285/285 731/907/749 451/908/747
f 438/609/589 731/906/749 430/909/588
f 732/910/748 450/278/278 452/911/750
f 729/284/284 430/608/588 731/907/749
f 735/912/751 467/913/752 468/914/753
f 732/910/748 428/628/601 730/218/218
f 466/372/372 735/915/751 468/916/753
f 471/917/754 736/918/755 735/912/751
f 736/919/755 465/332/332 467/920/752
f 733/371/371 471/921/754 735/915/751
f 739/922/756 472/923/757 471/917/754
f 472/924/757 734/394/394 736/919/755
f 469/373/373 739/925/756 471/921/754
f 455/926/758 740/927/759 739/922/756
f 740/928/759 470/304/304 472/924/757
f 737/375/375 455/929/758 739/925/756
f 743/930/760 475/931/761 476/932/762
f 456/933/763 738/334/334 740/928/759
f 474/316/316 743/934/760 476/935/762
f 480/936/764 743/930/760 479/937/765
f 744/938/766 473/152/152 475/939/761
f 741/295/295 479/940/765 743/934/760
f 748/941/767 464/942/768 747/943/769
f 480/944/764 742/391/391 744/938/766
f 745/434/434 464/945/768 462/485/485
f 479/937/765 747/943/769 480/936/764
f 463/946/770 746/326/326 461/362/362
f 478/317/317 747/947/769 745/434/434
f 752/948/771 484/949/772 751/950/773
f 748/951/767 477/324/324 746/326/326
f 482/396/396 751/952/773 484/953/772
f 752/948/771 497/622/599 493/621/598
f 752/954/771 481/335/335 483/955/774
f 490/480/480 751/952/773 749/479/479
f 756/956/775 530/661/618 755/957/776
f 752/954/771 489/634/603 750/338/338
f 520/450/450 755/958/776 530/677/618
f 508/959/777 755/957/776 507/960/778
f 756/961/775 517/508/508 522/658/616
f 753/452/452 507/962/778 755/958/776
f 760/963/779 460/964/780 759/965/781
f 508/966/777 754/433/433 756/961/775
f 757/395/395 460/967/780 458/356/356
f 483/968/774 759/965/781 484/949/772
f 459/969/782 758/353/353 457/344/344
f 482/396/396 759/970/781 757/395/395
f 763/971/783 464/942/768 463/972/770
f 760/973/779 481/335/335 758/353/353
f 761/388/388 463/946/770 461/362/362
f 764/974/784 508/959/777 507/960/778
f 464/945/768 762/453/453 462/485/485
f 761/388/388 508/966/777 763/975/783
f 767/976/785 511/977/786 512/978/787
f 507/962/778 762/453/453 764/979/784
f 510/189/189 767/980/785 512/981/787
f 516/982/788 767/976/785 515/983/789
f 768/984/790 509/365/365 511/985/786
f 765/364/364 515/986/789 767/980/785
f 772/987/791 459/988/782 771/989/792
f 516/990/788 766/255/255 768/984/790
f 769/380/380 459/969/782 457/344/344
f 515/983/789 771/989/792 516/982/788
f 460/967/780 770/355/355 458/356/356
f 514/378/378 771/991/792 769/380/380
f 776/992/793 455/926/758 775/993/794
f 772/994/791 513/369/369 770/355/355
f 453/376/376 775/995/794 455/929/758
f 487/996/795 776/992/793 775/993/794
f 776/997/793 454/280/280 456/933/763
f 485/352/352 775/995/794 773/358/358
f 780/998/796 487/996/795 779/999/797
f 776/997/793 486/386/386 774/385/385
f 485/352/352 779/1000/797 487/1001/795
f 527/675/623 779/999/797 531/676/629
f 780/1002/796 486/386/386 488/1003/798
f 777/351/351 531/678/629 779/1000/797
f 783/1004/799 500/654/610 496/656/606
f 780/1002/796 519/670/625 778/382/382
f 490/480/480 783/1005/799 496/638/606
f 784/1006/800 528/681/624 524/680/619
f 784/1007/800 491/645/611 500/644/610
f 781/384/384 528/669/624 783/1005/799
f 788/1008/801 544/1009/802 787/1010/803
f 524/662/619 782/340/340 784/1007/800
f 542/441/441 787/1011/803 544/1012/802
f 548/1013/804 787/1010/803 547/1014/805
f 788/1015/801 541/118/118 543/1016/806
f 785/167/167 547/1017/805 787/1011/803
f 792/1018/807 547/1014/805 791/1019/808
f 548/1020/804 786/116/116 788/1015/801
f 545/166/166 791/1021/808 547/1017/805
f 536/1022/809 791/1019/808 535/1023/810
f 792/1024/807 546/397/397 548/1020/804
f 789/406/406 535/1025/810 791/1021/808
f 795/1026/811 551/1027/812 552/1028/813
f 536/1029/809 790/429/429 792/1024/807
f 550/409/409 795/1030/811 552/1031/813
f 796/1032/814 503/651/615 499/650/609
f 796/1033/814 549/420/420 551/1034/812
f 492/412/412 795/1030/811 793/410/410
f 799/1035/815 539/1036/816 540/1037/817
f 796/1033/814 491/645/611 794/343/343
f 797/407/407 540/1038/817 538/419/419
f 551/1027/812 799/1035/815 552/1028/813
f 539/1039/816 798/444/444 537/447/447
f 550/409/409 799/1040/815 797/407/407
f 803/1041/818 559/1042/819 560/1043/820
f 800/1044/821 549/420/420 798/444/444
f 558/435/435 803/1045/818 560/1046/820
f 564/1047/822 803/1041/818 563/1048/823
f 804/1049/824 557/5/5 559/1050/819
f 801/100/100 563/1051/823 803/1045/818
f 807/1052/825 540/1037/817 539/1036/816
f 564/1053/822 802/547/547 804/1049/824
f 805/399/399 539/1039/816 537/447/447
f 808/1054/826 564/1047/822 563/1048/823
f 540/1038/817 806/417/417 538/419/419
f 562/437/437 807/1055/825 805/399/399
f 811/1056/827 536/1022/809 535/1023/810
f 808/1057/826 561/102/102 806/417/417
f 533/414/414 811/1058/827 535/1025/810
f 556/1059/828 811/1056/827 555/1060/829
f 812/1061/830 534/428/428 536/1029/809
f 553/449/449 811/1058/827 809/448/448
f 815/1062/831 556/1059/828 555/1060/829
f 812/1061/830 554/415/415 810/422/422
f 553/449/449 815/1063/831 555/1064/829
f 816/1065/832 525/646/612 521/648/614
f 816/1066/832 554/415/415 556/1067/828
f 518/664/620 815/1063/831 813/341/341
f 820/1068/833 576/1069/834 819/1070/835
f 521/657/614 814/427/427 816/1066/832
f 574/507/507 819/1071/835 576/1072/834
f 568/1073/836 819/1070/835 567/1074/837
f 820/1075/833 573/470/470 575/1076/838
f 817/518/518 567/1077/837 819/1071/835
f 824/1078/839 572/1079/840 823/1080/841
f 568/1081/836 818/493/493 820/1075/833
f 821/542/542 572/1082/840 570/465/465
f 580/1083/842 823/1080/841 579/1084/843
f 571/1085/844 822/499/499 569/473/473
f 577/467/467 823/1086/841 821/542/542
f 828/1087/845 593/673/628 827/1088/846
f 824/1089/839 578/478/478 822/499/499
f 589/543/543 827/1090/846 593/682/628
f 587/1091/847 828/1087/845 827/1088/846
f 828/1092/845 590/554/554 597/688/626
f 825/544/544 587/1093/847 827/1090/846
f 831/1094/848 572/1079/840 571/1095/844
f 588/1096/849 826/496/496 828/1092/845
f 829/556/556 571/1085/844 569/473/473
f 587/1091/847 831/1094/848 588/1097/849
f 572/1082/840 830/466/466 570/465/465
f 829/556/556 588/1096/849 831/1098/848
f 835/1099/850 568/1073/836 567/1074/837
f 587/1093/847 830/466/466 832/1100/851
f 565/510/510 835/1101/850 567/1077/837
f 584/1102/852 835/1099/850 583/1103/853
f 836/1104/854 566/492/492 568/1081/836
f 581/457/457 835/1101/850 833/509/509
f 839/1105/855 584/1102/852 583/1103/853
f 836/1104/854 582/483/483 834/486/486
f 581/457/457 839/1106/855 583/1107/853
f 840/1108/856 600/704/636 596/706/633
f 840/1109/856 582/483/483 584/1110/852
f 591/694/637 839/1106/855 837/511/511
f 844/1111/857 502/637/605 843/1112/858
f 596/687/633 838/490/490 840/1109/856
f 492/412/412 843/1113/858 502/652/605
f 844/1111/857 603/698/641 599/700/635
f 844/1114/857 489/634/603 494/633/602
f 841/411/411 603/702/641 843/1113/858
f 847/1115/859 611/1116/860 612/1117/861
f 599/692/635 842/339/339 844/1114/857
f 610/549/549 847/1118/859 612/1119/861
f 607/1120/862 848/1121/863 847/1115/859
f 848/1122/863 609/521/521 611/1123/860
f 845/551/551 607/1124/862 847/1118/859
f 852/1125/864 607/1120/862 851/1126/865
f 608/1127/866 846/538/538 848/1122/863
f 605/552/552 851/1128/865 607/1124/862
f 615/1129/867 852/1125/864 851/1126/865
f 852/1130/864 606/526/526 608/1127/866
f 613/536/536 851/1128/865 849/539/539
f 856/1131/868 615/1129/867 855/1132/869
f 852/1130/864 614/532/532 850/555/555
f 613/536/536 855/1133/869 615/1134/867
f 602/684/631 855/1132/869 594/1135/630
f 856/1136/868 614/532/532 616/1137/870
f 853/535/535 594/683/630 855/1133/869
f 859/1138/871 560/1043/820 559/1042/819
f 856/1136/868 592/703/643 854/481/481
f 557/5/5 859/1139/871 559/1050/819
f 860/1140/872 320/1141/873 319/727/654
f 860/1142/872 558/435/435 560/1046/820
f 857/106/106 320/1143/873 859/1139/871
f 864/1144/874 543/1145/806 863/1146/875
f 319/1147/654 858/99/99 860/1142/872
f 541/118/118 863/1148/875 543/1016/806
f 383/1149/691 863/1146/875 384/793/687
f 864/1150/874 542/441/441 544/1012/802
f 861/171/171 384/796/687 863/1148/875
f 867/1151/876 476/932/762 475/931/761
f 383/800/691 862/109/109 864/1150/874
f 473/152/152 867/1152/876 475/939/761
f 868/1153/877 396/819/701 395/820/702
f 868/1154/877 474/316/316 476/935/762
f 865/154/154 396/1155/701 867/1152/876
f 872/1156/878 511/977/786 871/1157/879
f 395/1158/702 866/301/301 868/1154/877
f 509/365/365 871/1159/879 511/985/786
f 872/1156/878 416/1160/880 415/857/723
f 872/1161/878 510/189/189 512/981/787
f 869/258/258 416/1162/880 871/1159/879
f 875/1163/881 468/914/753 467/913/752
f 415/1164/723 870/261/261 872/1161/878
f 465/332/332 875/1165/881 467/920/752
f 448/891/741 876/1166/882 875/1163/881
f 876/1167/882 466/372/372 468/916/753
f 873/307/307 448/893/741 875/1165/881
f 880/1168/883 407/1169/715 879/1170/884
f 447/897/740 874/274/274 876/1167/882
f 405/213/213 879/1171/884 407/842/715
f 575/1172/838 879/1170/884 576/1069/834
f 880/1173/883 406/245/245 408/838/711
f 877/212/212 576/1072/834 879/1171/884
f 884/1174/885 351/1175/675 883/1176/886
f 575/1076/838 878/244/244 880/1173/883
f 349/67/67 883/1177/886 351/769/675
f 579/1084/843 883/1176/886 580/1083/842
f 884/1178/885 350/64/64 352/765/671
f 881/514/514 580/1179/842 883/1177/886
f 887/1180/887 312/697/640 311/696/639
f 579/1181/843 882/517/517 884/1178/885
f 309/30/30 887/1182/887 311/712/639
f 612/1117/861 888/1183/888 887/1180/887
f 888/1184/888 310/79/79 312/708/640
f 885/29/29 612/1119/861 887/1182/887
f 611/1123/860 886/529/529 888/1184/888
f 195/35/35 298/25/25 41/27/27
f 338/1185/566 333/737/557 337/736/563
f 175/1/1 185/10/10 45/2/2
f 199/4/4 857/106/106 557/5/5
f 637/7/7 190/50/50 50/8/8
f 185/10/10 46/12/12 4/11/11
f 46/12/12 186/19/19 47/13/13
f 200/14/14 626/18/18 318/15/15
f 63/17/17 305/63/63 626/18/18
f 186/19/19 44/61/61 2/20/20
f 317/21/21 625/151/151 186/19/19
f 4/11/11 47/13/13 187/22/22
f 47/13/13 2/20/20 43/24/24
f 298/25/25 654/92/92 191/26/26
f 57/28/28 286/530/530 885/29/29
f 3/3/3 45/2/2 188/31/31
f 45/2/2 4/11/11 48/23/23
f 58/33/33 314/548/548 622/34/34
f 321/36/36 630/39/39 217/37/37
f 630/39/39 329/559/559 718/40/40
f 662/41/41 358/589/578 685/42/42
f 670/44/44 331/570/569 662/41/41
f 301/45/45 638/54/54 218/46/46
f 42/48/48 1/55/55 52/49/49
f 51/51/51 198/178/178 657/52/52
f 638/54/54 321/36/36 83/38/38
f 1/55/55 41/27/27 191/26/26
f 650/56/56 196/75/75 42/48/48
f 325/53/53 53/60/60 192/58/58
f 653/59/59 197/84/84 53/60/60
f 53/60/60 2/20/20 44/61/61
f 206/62/62 641/95/95 305/63/63
f 350/64/64 882/517/517 283/65/65
f 349/67/67 646/459/459 221/68/68
f 54/66/66 5/76/76 55/70/70
f 193/71/71 55/70/70 6/72/72
f 353/74/74 56/73/73 196/75/75
f 5/76/76 57/28/28 194/77/77
f 49/32/32 188/31/31 617/78/78
f 188/31/31 48/23/23 313/80/80
f 55/70/70 194/77/77 58/33/33
f 6/72/72 58/33/33 195/35/35
f 48/23/23 187/22/22 621/82/82
f 297/83/83 43/24/24 197/84/84
f 59/81/81 195/35/35 41/27/27
f 354/85/85 649/88/88 224/86/86
f 56/73/73 6/72/72 59/81/81
f 196/75/75 59/81/81 1/55/55
f 649/88/88 301/45/45 75/47/47
f 50/8/8 326/93/93 658/89/89
f 187/22/22 43/24/24 297/83/83
f 2/20/20 53/60/60 197/84/84
f 658/89/89 359/595/583 661/91/91
f 52/49/49 191/26/26 654/92/92
f 68/94/94 346/148/148 641/95/95
f 176/96/96 199/4/4 141/6/6
f 9/98/98 64/16/16 199/4/4
f 858/99/99 317/21/21 46/12/12
f 801/100/100 291/436/436 172/101/101
f 65/103/103 200/14/14 64/16/16
f 8/104/104 63/17/17 200/14/14
f 57/28/28 309/30/30 618/105/105
f 64/16/16 318/15/15 857/106/106
f 381/107/107 66/115/115 202/108/108
f 677/110/110 377/174/174 61/111/111
f 62/113/113 8/104/104 65/103/103
f 201/114/114 65/103/103 9/98/98
f 786/116/116 258/398/398 136/117/117
f 674/119/119 385/137/137 67/120/120
f 66/115/115 9/98/98 176/96/96
f 202/108/108 176/96/96 31/97/97
f 673/123/123 232/277/277 100/124/124
f 669/126/126 231/219/219 717/127/127
f 209/129/129 60/142/142 373/130/130
f 390/132/132 68/94/94 206/62/62
f 678/134/134 238/173/173 94/135/135
f 385/137/137 670/44/44 203/43/43
f 70/133/133 211/169/169 682/138/138
f 61/111/111 204/121/121 69/139/139
f 7/140/140 69/139/139 205/141/141
f 686/143/143 212/149/149 68/94/94
f 374/144/144 62/113/113 201/114/114
f 393/146/146 677/110/110 210/112/112
f 346/148/148 68/94/94 212/149/149
f 625/151/151 306/222/222 44/61/61
f 70/133/133 206/62/62 63/17/17
f 473/152/152 111/297/297 235/153/153
f 223/155/155 74/226/226 397/156/156
f 207/158/158 71/147/147 10/159/159
f 131/161/161 207/158/158 177/160/160
f 29/162/162 177/160/160 208/163/163
f 177/160/160 10/159/159 72/164/164
f 666/145/145 201/114/114 66/115/115
f 264/165/165 145/405/405 545/166/166
f 10/159/159 73/168/168 209/129/129
f 73/168/168 7/140/140 60/142/142
f 374/144/144 682/138/138 211/169/169
f 208/163/163 72/164/164 382/170/170
f 394/172/172 104/300/300 238/173/173
f 377/174/174 674/119/119 204/121/121
f 210/112/112 61/111/111 7/140/140
f 71/147/147 210/112/112 73/168/168
f 681/175/175 205/141/141 69/139/139
f 8/104/104 62/113/113 211/169/169
f 373/130/130 60/142/142 205/141/141
f 360/177/177 657/52/52 198/178/178
f 51/51/51 192/58/58 642/180/180
f 67/120/120 203/43/43 685/42/42
f 78/182/182 213/186/186 178/183/183
f 14/185/185 79/193/193 213/186/186
f 218/46/46 83/38/38 417/187/187
f 510/189/189 870/261/261 227/190/190
f 80/192/192 214/195/195 79/193/193
f 12/194/194 77/207/207 214/195/195
f 234/196/196 96/290/290 402/197/197
f 413/199/199 697/291/291 228/200/200
f 410/202/202 81/210/210 216/203/203
f 220/205/205 705/314/314 401/206/206
f 76/208/208 12/194/194 80/192/192
f 215/209/209 80/192/192 14/185/185
f 82/211/211 278/502/502 877/212/212
f 91/214/214 223/155/155 693/157/157
f 81/210/210 14/185/185 78/182/182
f 216/203/203 78/182/182 13/184/184
f 190/50/50 52/49/49 326/93/93
f 629/216/216 189/90/90 661/91/91
f 730/218/218 428/628/601 717/127/127
f 418/220/220 84/228/228 220/205/205
f 192/58/58 44/61/61 306/222/222
f 322/9/9 50/8/8 189/90/90
f 86/221/221 225/247/247 710/223/223
f 75/47/47 218/46/46 85/188/188
f 11/224/224 85/188/188 219/225/225
f 714/227/227 226/232/232 84/228/228
f 398/229/229 76/208/208 215/209/209
f 422/231/231 84/228/228 226/232/232
f 101/234/234 234/196/196 706/198/198
f 77/207/207 401/206/206 698/236/236
f 86/221/221 220/205/205 77/207/207
f 269/237/237 881/514/514 349/67/67
f 645/238/238 193/71/71 56/73/73
f 221/68/68 89/87/87 16/239/239
f 87/69/69 221/68/68 88/240/240
f 15/241/241 88/240/240 222/242/242
f 88/240/240 16/239/239 91/214/214
f 694/230/230 215/209/209 81/210/210
f 878/244/244 272/471/471 90/243/243
f 16/239/239 92/246/246 223/155/155
f 92/246/246 11/224/224 74/226/226
f 398/229/229 710/223/223 225/247/247
f 214/195/195 698/236/236 414/248/248
f 357/249/249 634/150/150 212/149/149
f 302/57/57 42/48/48 190/50/50
f 224/86/86 75/47/47 11/224/224
f 89/87/87 224/86/86 92/246/246
f 709/250/250 219/225/225 85/188/188
f 12/194/194 76/208/208 225/247/247
f 397/156/156 74/226/226 219/225/225
f 718/40/40 427/619/596 713/251/251
f 421/235/235 701/293/293 240/252/252
f 83/38/38 217/37/37 713/251/251
f 121/191/191 227/190/190 179/253/253
f 766/255/255 514/378/378 158/256/256
f 79/193/193 414/248/248 869/258/258
f 227/190/190 97/201/201 19/259/259
f 97/201/201 228/200/200 98/260/260
f 870/261/261 413/199/199 97/201/201
f 90/243/243 222/242/242 689/262/262
f 228/200/200 96/290/290 18/263/263
f 236/264/264 874/274/274 445/265/265
f 19/259/259 98/260/260 229/267/267
f 98/260/260 18/263/263 95/269/269
f 442/270/270 726/313/313 233/271/271
f 116/273/273 466/372/372 874/274/274
f 25/254/254 179/253/253 230/275/275
f 179/253/253 19/259/259 99/268/268
f 232/277/277 102/283/283 450/278/278
f 204/121/121 67/120/120 389/176/176
f 251/279/279 738/334/334 454/280/280
f 237/282/282 722/287/287 442/270/270
f 345/181/181 633/179/179 198/178/178
f 72/164/164 209/129/129 665/131/131
f 94/135/135 17/286/286 102/283/283
f 101/234/234 240/252/252 729/284/284
f 386/125/125 100/124/124 231/219/219
f 17/286/286 93/272/272 233/271/271
f 105/266/266 445/265/265 722/287/287
f 449/285/285 103/289/289 234/196/196
f 725/288/288 239/311/311 103/289/289
f 103/289/289 18/263/263 96/290/290
f 697/291/291 402/197/197 96/290/290
f 425/292/292 729/284/284 240/252/252
f 133/294/294 477/324/324 741/295/295
f 111/297/297 23/302/302 180/298/298
f 235/153/153 180/298/298 20/299/299
f 866/301/301 393/146/146 71/147/147
f 23/302/302 116/273/273 236/264/264
f 250/303/303 734/394/394 470/304/304
f 230/275/275 99/268/268 446/306/306
f 180/298/298 236/264/264 105/266/266
f 20/299/299 105/266/266 237/282/282
f 99/268/268 229/267/267 721/309/309
f 441/310/310 95/269/269 239/311/311
f 106/308/308 237/282/282 93/272/272
f 865/154/154 235/153/153 104/300/300
f 104/300/300 20/299/299 106/308/308
f 238/173/173 106/308/308 17/286/286
f 378/136/136 94/135/135 232/277/277
f 100/124/124 450/278/278 730/218/218
f 229/267/267 95/269/269 441/310/310
f 18/263/263 103/289/289 239/311/311
f 426/312/312 702/233/233 226/232/232
f 102/283/283 233/271/271 726/313/313
f 84/228/228 422/231/231 705/314/314
f 111/297/297 241/320/320 112/315/315
f 255/296/296 741/295/295 474/316/316
f 478/317/317 745/434/434 242/318/318
f 241/320/320 113/319/319 24/321/321
f 113/319/319 242/318/318 114/322/322
f 256/323/323 746/326/326 477/324/324
f 130/325/325 461/362/362 746/326/326
f 242/318/318 110/360/360 22/327/327
f 473/152/152 742/391/391 241/320/320
f 24/321/321 114/322/322 243/328/328
f 114/322/322 22/327/327 109/330/330
f 454/280/280 774/385/385 247/331/331
f 124/276/276 230/275/275 873/307/307
f 23/302/302 112/315/315 244/333/333
f 112/315/315 24/321/321 115/329/329
f 125/305/305 470/304/304 738/334/334
f 481/335/335 750/338/338 273/336/336
f 750/338/338 489/634/603 842/339/339
f 782/340/340 518/664/620 813/341/341
f 794/343/343 491/645/611 782/340/340
f 457/344/344 758/353/353 274/345/345
f 108/347/347 21/354/354 119/348/348
f 118/350/350 254/451/451 777/351/351
f 758/353/353 481/335/335 154/337/337
f 21/354/354 107/281/281 247/331/331
f 770/355/355 252/370/370 108/347/347
f 485/352/352 120/359/359 248/357/357
f 773/358/358 253/377/377 120/359/359
f 120/359/359 22/327/327 110/360/360
f 262/361/361 761/388/388 461/362/362
f 510/189/189 121/191/191 249/363/363
f 509/365/365 766/255/255 277/257/257
f 121/191/191 25/254/254 122/366/366
f 249/363/363 122/366/366 26/367/367
f 513/369/369 123/368/368 252/370/370
f 25/254/254 124/276/276 250/303/303
f 116/273/273 244/333/333 733/371/371
f 244/333/333 115/329/329 469/373/373
f 122/366/366 250/303/303 125/305/305
f 26/367/367 125/305/305 251/279/279
f 115/329/329 243/328/328 737/375/375
f 453/376/376 109/330/330 253/377/377
f 126/374/374 251/279/279 107/281/281
f 514/378/378 769/380/380 280/379/379
f 123/368/368 26/367/367 126/374/374
f 252/370/370 126/374/374 21/354/354
f 769/380/380 457/344/344 148/346/346
f 117/381/381 486/386/386 778/382/382
f 243/328/328 109/330/330 453/376/376
f 22/327/327 120/359/359 253/377/377
f 778/382/382 519/670/625 781/384/384
f 119/348/348 247/331/331 774/385/385
f 138/387/387 506/431/431 761/388/388
f 132/389/389 255/296/296 131/161/161
f 30/390/390 133/294/294 255/296/296
f 742/391/391 478/317/317 113/319/319
f 474/316/316 866/301/301 207/158/158
f 134/392/392 256/323/323 133/294/294
f 28/393/393 130/325/325 256/323/323
f 124/276/276 465/332/332 734/394/394
f 757/395/395 246/349/349 117/381/381
f 546/397/397 135/404/404 258/398/398
f 805/399/399 537/447/447 128/400/400
f 129/402/402 28/393/393 134/392/392
f 257/403/403 134/392/392 30/390/390
f 136/117/117 208/163/163 861/171/171
f 145/405/405 265/413/413 789/406/406
f 135/404/404 30/390/390 132/389/389
f 258/398/398 132/389/389 29/162/162
f 797/407/407 288/531/531 168/408/408
f 793/410/410 287/482/482 841/411/411
f 265/413/413 127/426/426 533/414/414
f 554/415/415 138/387/387 262/361/361
f 806/417/417 294/446/446 162/418/418
f 549/420/420 794/343/343 259/342/342
f 140/416/416 267/443/443 810/422/422
f 128/400/400 260/445/445 139/423/423
f 27/424/424 139/423/423 261/425/425
f 814/427/427 268/432/432 138/387/387
f 534/428/428 129/402/402 257/403/403
f 557/5/5 802/547/547 263/430/430
f 506/431/431 138/387/387 268/432/432
f 745/434/434 462/485/485 110/360/360
f 140/416/416 262/361/361 130/325/325
f 558/435/435 175/1/1 291/436/436
f 562/437/437 805/399/399 266/401/401
f 263/430/430 143/438/438 32/439/439
f 141/6/6 263/430/430 142/440/440
f 31/97/97 142/440/440 264/165/165
f 142/440/440 32/439/439 145/405/405
f 790/429/429 257/403/403 135/404/404
f 862/109/109 202/108/108 144/122/122
f 32/439/439 146/442/442 265/413/413
f 146/442/442 27/424/424 127/426/426
f 534/428/428 810/422/422 267/443/443
f 798/444/444 549/420/420 137/421/421
f 561/102/102 172/101/101 294/446/446
f 537/447/447 798/444/444 260/445/445
f 266/401/401 128/400/400 27/424/424
f 143/438/438 266/401/401 146/442/442
f 809/448/448 261/425/425 139/423/423
f 28/393/393 129/402/402 267/443/443
f 533/414/414 127/426/426 261/425/425
f 520/450/450 777/351/351 254/451/451
f 118/350/350 248/357/357 762/453/453
f 137/421/421 259/342/342 813/341/341
f 181/455/455 269/237/237 87/69/69
f 35/456/456 151/461/461 269/237/237
f 274/345/345 154/337/337 581/457/457
f 646/459/459 354/85/85 89/87/87
f 152/460/460 270/463/463 151/461/461
f 34/462/462 150/474/474 270/463/463
f 290/464/464 164/541/541 570/465/465
f 577/467/467 821/542/542 284/468/468
f 573/470/470 153/477/477 272/471/471
f 276/472/472 829/556/556 569/473/473
f 149/475/475 34/462/462 152/460/460
f 271/476/476 152/460/460 35/456/456
f 690/204/204 216/203/203 82/211/211
f 270/463/463 822/499/499 578/478/478
f 153/477/477 35/456/456 181/455/455
f 272/471/471 181/455/455 15/241/241
f 246/349/349 119/348/348 486/386/386
f 749/479/479 245/383/383 781/384/384
f 854/481/481 592/703/643 841/411/411
f 582/483/483 155/491/491 276/472/472
f 248/357/357 110/360/360 462/485/485
f 482/396/396 117/381/381 245/383/383
f 157/484/484 281/506/506 834/486/486
f 148/346/346 274/345/345 156/458/458
f 33/487/487 156/458/458 275/488/488
f 838/490/490 282/495/495 155/491/491
f 566/492/492 149/475/475 271/476/476
f 586/494/494 155/491/491 282/495/495
f 169/497/497 290/464/464 830/466/466
f 150/474/474 569/473/473 822/499/499
f 157/484/484 276/472/472 150/474/474
f 213/186/186 869/258/258 509/365/365
f 765/364/364 249/363/363 123/368/368
f 277/257/257 158/256/256 36/500/500
f 178/183/183 277/257/257 182/501/501
f 13/184/184 182/501/501 278/502/502
f 182/501/501 36/500/500 159/503/503
f 818/493/493 271/476/476 153/477/477
f 222/242/242 91/214/214 409/215/215
f 36/500/500 160/505/505 279/504/504
f 160/505/505 33/487/487 147/489/489
f 566/492/492 834/486/486 281/506/506
f 278/502/502 159/503/503 574/507/507
f 517/508/508 754/433/433 268/432/432
f 458/356/356 108/347/347 246/349/349
f 280/379/379 148/346/346 33/487/487
f 158/256/256 280/379/379 160/505/505
f 833/509/509 275/488/488 156/458/458
f 34/462/462 149/475/475 281/506/506
f 565/510/510 147/489/489 275/488/488
f 842/339/339 591/694/637 837/511/511
f 585/498/498 825/544/544 296/512/512
f 154/337/337 273/336/336 837/511/511
f 54/66/66 283/65/65 183/513/513
f 350/64/64 54/66/66 193/71/71
f 151/461/461 578/478/478 881/514/514
f 283/65/65 165/469/469 39/515/515
f 165/469/469 284/468/468 166/516/516
f 882/517/517 577/467/467 165/469/469
f 159/503/503 279/504/504 817/518/518
f 284/468/468 164/541/541 38/519/519
f 292/520/520 886/529/529 609/521/521
f 39/515/515 166/516/516 285/523/523
f 166/516/516 38/519/519 163/525/525
f 606/526/526 850/555/555 289/527/527
f 49/32/32 310/79/79 886/529/529
f 5/76/76 183/513/513 286/530/530
f 183/513/513 39/515/515 167/524/524
f 288/531/531 170/534/534 614/532/532
f 260/445/445 137/421/421 553/449/449
f 293/533/533 846/538/538 606/526/526
f 505/454/454 753/452/452 254/451/451
f 144/122/122 264/165/165 785/167/167
f 162/418/418 37/537/537 170/534/534
f 169/497/497 296/512/512 853/535/535
f 550/409/409 168/408/408 287/482/482
f 37/537/537 161/528/528 289/527/527
f 173/522/522 609/521/521 846/538/538
f 613/536/536 171/540/540 290/464/464
f 849/539/539 295/553/553 171/540/540
f 171/540/540 38/519/519 164/541/541
f 821/542/542 570/465/465 164/541/541
f 589/543/543 853/535/535 296/512/512
f 558/435/435 858/99/99 185/10/10
f 175/1/1 3/3/3 184/545/545
f 291/436/436 184/545/545 40/546/546
f 802/547/547 562/437/437 143/438/438
f 3/3/3 49/32/32 292/520/520
f 194/77/77 618/105/105 314/548/548
f 286/530/530 167/524/524 610/549/549
f 184/545/545 292/520/520 173/522/522
f 40/546/546 173/522/522 293/533/533
f 167/524/524 285/523/523 845/551/551
f 605/552/552 163/525/525 295/553/553
f 174/550/550 293/533/533 161/528/528
f 279/504/504 147/489/489 565/510/510
f 172/101/101 40/546/546 174/550/550
f 294/446/446 174/550/550 37/537/537
f 538/419/419 162/418/418 288/531/531
f 168/408/408 614/532/532 854/481/481
f 285/523/523 163/525/525 605/552/552
f 38/519/519 171/540/540 295/553/553
f 590/554/554 826/496/496 282/495/495
f 170/534/534 289/527/527 850/555/555
f 155/491/491 586/494/494 829/556/556
f 333/557/557 335/1186/565 334/558/558
f 334/560/558 335/1187/565 344/561/560
f 336/563/562 338/1188/566 337/564/563
f 341/565/564 344/1189/560 335/566/565
f 339/568/567 341/1190/564 340/569/568
f 365/571/570 366/1191/580 363/572/571
f 344/574/560 341/1192/564 339/575/567
f 342/577/561 344/1193/560 343/578/573
f 341/579/564 338/1194/566 336/580/562
f 361/582/572 363/1195/571 362/583/574
f 370/584/575 362/1196/574 363/585/571
f 364/587/577 366/1197/580 365/588/570
f 369/590/579 372/1198/576 363/591/571
f 367/593/581 369/1199/579 368/594/582
f 434/596/584 431/1200/590 429/597/585
f 372/599/576 369/1201/579 367/600/581
f 370/602/575 372/1202/576 371/603/587
f 369/604/579 366/1203/580 364/605/577
f 429/607/585 431/1204/590 430/608/588
f 438/609/589 430/909/588 431/610/590
f 432/612/592 434/1205/584 433/613/586
f 437/614/593 440/1206/591 431/615/590
f 435/617/594 437/1207/593 436/618/595
f 498/620/597 495/1208/608 493/621/598
f 439/623/600 440/1209/591 437/624/593
f 438/626/589 440/1210/591 439/627/600
f 436/629/595 437/1211/593 434/630/584
f 493/632/598 495/1212/608 494/633/602
f 494/635/602 495/1213/608 504/636/604
f 496/638/606 498/1214/597 497/639/599
f 501/640/607 504/1215/604 495/641/608
f 499/643/609 501/1216/607 500/644/610
f 525/646/612 526/1217/622 523/647/613
f 504/649/604 501/1218/607 499/650/609
f 502/652/605 504/1219/604 503/653/615
f 500/654/610 501/1220/607 498/655/597
f 521/657/614 523/1221/613 522/658/616
f 522/659/616 523/1222/613 532/660/617
f 524/662/619 526/1223/622 525/663/612
f 529/665/621 532/1224/617 523/666/613
f 527/668/623 529/1225/621 528/669/624
f 597/671/626 598/1226/634 595/672/627
f 532/674/617 529/1227/621 527/675/623
f 530/677/618 532/1228/617 531/678/629
f 529/679/621 526/1229/622 524/680/619
f 593/682/628 595/1230/627 594/683/630
f 602/684/631 594/1135/630 595/685/627
f 596/687/633 598/1231/634 597/688/626
f 598/689/634 601/1232/642 604/690/632
f 599/692/635 601/1233/642 600/693/636
f 619/695/638 620/710/645 311/696/639
f 603/698/641 604/1234/632 601/699/642
f 602/701/631 604/1235/632 603/702/641
f 600/704/636 601/1236/642 598/705/634
f 310/79/79 617/78/78 619/707/638
f 315/709/644 316/715/647 620/710/645
f 620/711/645 618/105/105 309/30/30
f 617/78/78 313/80/80 315/713/644
f 623/714/646 624/719/649 316/715/647
f 316/716/647 314/548/548 618/105/105
f 313/80/80 621/82/82 623/717/646
f 299/718/648 300/1237/653 624/719/649
f 624/720/649 622/34/34 314/548/548
f 621/82/82 297/83/83 299/721/648
f 628/722/650 307/755/655 308/723/651
f 300/725/653 298/25/25 622/34/34
f 625/151/151 627/729/652 308/726/651
f 319/727/654 320/1141/873 628/722/650
f 307/728/655 628/733/650 626/18/18
f 317/21/21 319/1147/654 627/729/652
f 632/730/656 323/751/659 324/731/657
f 628/733/650 320/1143/873 318/15/15
f 322/9/9 629/216/216 631/734/658
f 632/730/656 631/732/658 337/736/563
f 632/738/656 630/39/39 321/36/36
f 330/217/217 337/564/563 631/734/658
f 636/740/660 362/1196/574 370/584/575
f 632/738/656 333/557/557 329/559/559
f 360/177/177 633/179/179 635/742/661
f 347/743/662 348/758/666 636/740/660
f 636/744/660 634/150/150 357/249/249
f 633/179/179 345/181/181 347/745/662
f 640/746/663 303/772/667 304/747/664
f 348/749/666 346/148/148 634/150/150
f 637/7/7 639/753/665 304/750/664
f 323/751/659 640/746/663 639/748/665
f 303/752/667 640/756/663 638/54/54
f 322/9/9 324/735/657 639/753/665
f 643/754/668 644/757/669 308/723/651
f 640/756/663 323/739/659 321/36/36
f 641/95/95 643/759/668 307/728/655
f 644/757/669 643/754/668 348/758/666
f 308/726/651 644/763/669 642/180/180
f 641/95/95 346/148/148 348/749/666
f 648/760/670 351/1175/675 352/761/671
f 347/745/662 345/181/181 642/180/180
f 350/64/64 645/238/238 647/764/672
f 356/766/673 648/760/670 647/762/672
f 648/768/670 646/459/459 349/67/67
f 645/238/238 353/74/74 355/770/674
f 652/771/676 304/747/664 303/772/667
f 356/774/673 354/85/85 646/459/459
f 649/88/88 651/775/677 303/752/667
f 355/767/674 652/771/676 651/773/677
f 304/750/664 652/778/676 650/56/56
f 354/85/85 356/774/673 651/775/677
f 656/776/678 300/1237/653 299/718/648
f 652/778/676 355/770/674 353/74/74
f 297/83/83 653/59/59 655/779/679
f 327/780/680 328/1238/683 656/776/678
f 656/781/678 654/92/92 298/25/25
f 325/53/53 327/785/680 655/779/679
f 660/782/681 328/1238/683 327/780/680
f 656/781/678 328/787/683 326/93/93
f 325/53/53 657/52/52 659/784/682
f 367/600/581 660/782/681 659/783/682
f 660/786/681 658/89/89 326/93/93
f 657/52/52 360/177/177 371/603/587
f 664/788/684 340/581/568 336/580/562
f 660/786/681 367/593/581 359/595/583
f 330/217/217 661/91/91 663/790/685
f 664/788/684 663/789/685 368/606/582
f 664/791/684 662/41/41 331/570/569
f 661/91/91 359/595/583 368/594/582
f 668/792/686 383/1149/691 384/793/687
f 364/587/577 358/589/578 662/41/41
f 382/170/170 665/131/131 667/795/688
f 376/797/689 668/792/686 667/794/688
f 668/799/686 666/145/145 381/107/107
f 665/131/131 373/130/130 375/801/690
f 672/802/692 387/1239/695 388/803/693
f 376/805/689 374/144/144 666/145/145
f 386/125/125 669/126/126 671/806/694
f 672/802/692 671/804/694 343/576/573
f 672/808/692 670/44/44 385/137/137
f 332/128/128 343/578/573 671/806/694
f 675/810/696 676/814/699 379/811/697
f 672/808/692 339/568/567 331/570/569
f 673/123/123 675/816/696 380/813/698
f 388/803/693 387/1239/695 676/814/699
f 379/815/697 676/818/699 674/119/119
f 386/125/125 388/807/693 675/816/696
f 679/817/700 680/1240/704 380/812/698
f 676/818/699 387/809/695 385/137/137
f 677/110/110 679/821/700 379/815/697
f 396/819/701 680/1240/704 679/817/700
f 380/813/698 680/823/704 678/134/134
f 393/146/146 395/1158/702 679/821/700
f 683/822/703 684/1241/707 376/797/689
f 680/823/704 396/1155/701 394/172/172
f 373/130/130 681/175/175 683/824/703
f 392/825/705 684/1241/707 683/822/703
f 684/827/707 682/138/138 374/144/144
f 389/176/176 391/830/706 683/824/703
f 687/828/708 688/831/709 392/825/705
f 684/827/707 392/833/705 390/132/132
f 389/176/176 685/42/42 687/829/708
f 688/831/709 687/828/708 365/571/570
f 688/832/709 686/143/143 390/132/132
f 358/589/578 365/588/570 687/829/708
f 692/834/710 407/1169/715 408/835/711
f 361/582/572 357/249/249 686/143/143
f 406/245/245 689/262/262 691/837/712
f 412/839/713 692/834/710 691/836/712
f 692/841/710 690/204/204 405/213/213
f 689/262/262 409/215/215 411/843/714
f 696/844/716 412/839/713 411/840/714
f 412/846/713 410/202/202 690/204/204
f 409/215/215 693/157/157 695/847/717
f 400/848/718 696/844/716 695/845/717
f 696/850/716 694/230/230 410/202/202
f 693/157/157 397/156/156 399/851/719
f 700/852/720 403/869/724 404/853/721
f 400/855/718 398/229/229 694/230/230
f 697/291/291 699/859/722 404/856/721
f 415/857/723 416/1160/880 700/852/720
f 403/858/724 700/862/720 698/236/236
f 413/199/199 415/1164/723 699/859/722
f 704/860/725 433/598/586 429/597/585
f 700/862/720 416/1162/880 414/248/248
f 425/292/292 701/293/293 703/863/726
f 424/864/727 704/860/725 703/861/726
f 704/866/725 702/233/233 426/312/312
f 701/293/293 421/235/235 423/867/728
f 708/868/729 404/853/721 403/869/724
f 424/871/727 422/231/231 702/233/233
f 705/314/314 707/872/730 403/858/724
f 708/868/729 707/870/730 424/864/727
f 404/856/721 708/874/729 706/198/198
f 705/314/314 422/231/231 424/871/727
f 711/873/731 712/1242/734 400/848/718
f 423/867/728 421/235/235 706/198/198
f 397/156/156 709/250/250 711/875/731
f 420/876/732 712/1242/734 711/873/731
f 712/878/734 710/223/223 398/229/229
f 417/187/187 419/881/733 711/875/731
f 715/879/735 716/882/736 420/876/732
f 712/878/734 420/884/732 418/220/220
f 417/187/187 713/251/251 715/880/735
f 716/882/736 715/879/735 436/629/595
f 716/883/736 714/227/227 418/220/220
f 427/619/596 436/618/595 715/880/735
f 720/885/737 334/560/558 342/562/561
f 432/612/592 426/312/312 714/227/227
f 332/128/128 717/127/127 719/887/738
f 435/625/594 720/885/737 719/886/738
f 720/888/737 718/40/40 329/559/559
f 717/127/127 428/628/601 439/627/600
f 723/889/739 724/895/743 447/890/740
f 435/617/594 427/619/596 718/40/40
f 446/306/306 721/309/309 723/892/739
f 443/894/742 444/1243/746 724/895/743
f 724/896/743 722/287/287 445/265/265
f 721/309/309 441/310/310 443/898/742
f 728/899/744 444/1243/746 443/894/742
f 444/901/746 442/270/270 722/287/287
f 441/310/310 725/288/288 727/902/745
f 451/903/747 452/1244/750 728/899/744
f 728/904/744 726/313/313 442/270/270
f 449/285/285 451/908/747 727/902/745
f 732/905/748 452/1244/750 451/903/747
f 728/904/744 452/911/750 450/278/278
f 449/285/285 729/284/284 731/907/749
f 438/609/589 732/905/748 731/906/749
f 732/910/748 730/218/218 450/278/278
f 729/284/284 425/292/292 430/608/588
f 735/912/751 736/918/755 467/913/752
f 732/910/748 438/626/589 428/628/601
f 466/372/372 733/371/371 735/915/751
f 471/917/754 472/923/757 736/918/755
f 736/919/755 734/394/394 465/332/332
f 733/371/371 469/373/373 471/921/754
f 739/922/756 740/927/759 472/923/757
f 472/924/757 470/304/304 734/394/394
f 469/373/373 737/375/375 739/925/756
f 455/926/758 456/1245/763 740/927/759
f 740/928/759 738/334/334 470/304/304
f 737/375/375 453/376/376 455/929/758
f 743/930/760 744/1246/766 475/931/761
f 456/933/763 454/280/280 738/334/334
f 474/316/316 741/295/295 743/934/760
f 480/936/764 744/1246/766 743/930/760
f 744/938/766 742/391/391 473/152/152
f 741/295/295 477/324/324 479/940/765
f 748/941/767 463/972/770 464/942/768
f 480/944/764 478/317/317 742/391/391
f 745/434/434 747/947/769 464/945/768
f 479/937/765 748/941/767 747/943/769
f 463/946/770 748/951/767 746/326/326
f 478/317/317 480/944/764 747/947/769
f 752/948/771 483/968/774 484/949/772
f 748/951/767 479/940/765 477/324/324
f 482/396/396 749/479/479 751/952/773
f 752/948/771 751/950/773 497/622/599
f 752/954/771 750/338/338 481/335/335
f 490/480/480 497/639/599 751/952/773
f 756/956/775 522/659/616 530/661/618
f 752/954/771 493/632/598 489/634/603
f 520/450/450 753/452/452 755/958/776
f 508/959/777 756/956/775 755/957/776
f 756/961/775 754/433/433 517/508/508
f 753/452/452 505/454/454 507/962/778
f 760/963/779 459/988/782 460/964/780
f 508/966/777 506/431/431 754/433/433
f 757/395/395 759/970/781 460/967/780
f 483/968/774 760/963/779 759/965/781
f 459/969/782 760/973/779 758/353/353
f 482/396/396 484/953/772 759/970/781
f 763/971/783 764/974/784 464/942/768
f 760/973/779 483/955/774 481/335/335
f 761/388/388 763/975/783 463/946/770
f 764/974/784 763/971/783 508/959/777
f 464/945/768 764/979/784 762/453/453
f 761/388/388 506/431/431 508/966/777
f 767/976/785 768/1247/790 511/977/786
f 507/962/778 505/454/454 762/453/453
f 510/189/189 765/364/364 767/980/785
f 516/982/788 768/1247/790 767/976/785
f 768/984/790 766/255/255 509/365/365
f 765/364/364 513/369/369 515/986/789
f 772/987/791 460/964/780 459/988/782
f 516/990/788 514/378/378 766/255/255
f 769/380/380 771/991/792 459/969/782
f 515/983/789 772/987/791 771/989/792
f 460/967/780 772/994/791 770/355/355
f 514/378/378 516/990/788 771/991/792
f 776/992/793 456/1245/763 455/926/758
f 772/994/791 515/986/789 513/369/369
f 453/376/376 773/358/358 775/995/794
f 487/996/795 488/1248/798 776/992/793
f 776/997/793 774/385/385 454/280/280
f 485/352/352 487/1001/795 775/995/794
f 780/998/796 488/1248/798 487/996/795
f 776/997/793 488/1003/798 486/386/386
f 485/352/352 777/351/351 779/1000/797
f 527/675/623 780/998/796 779/999/797
f 780/1002/796 778/382/382 486/386/386
f 777/351/351 520/450/450 531/678/629
f 783/1004/799 784/1006/800 500/654/610
f 780/1002/796 527/668/623 519/670/625
f 490/480/480 781/384/384 783/1005/799
f 784/1006/800 783/1004/799 528/681/624
f 784/1007/800 782/340/340 491/645/611
f 781/384/384 519/670/625 528/669/624
f 788/1008/801 543/1145/806 544/1009/802
f 524/662/619 518/664/620 782/340/340
f 542/441/441 785/167/167 787/1011/803
f 548/1013/804 788/1008/801 787/1010/803
f 788/1015/801 786/116/116 541/118/118
f 785/167/167 545/166/166 547/1017/805
f 792/1018/807 548/1013/804 547/1014/805
f 548/1020/804 546/397/397 786/116/116
f 545/166/166 789/406/406 791/1021/808
f 536/1022/809 792/1018/807 791/1019/808
f 792/1024/807 790/429/429 546/397/397
f 789/406/406 533/414/414 535/1025/810
f 795/1026/811 796/1032/814 551/1027/812
f 536/1029/809 534/428/428 790/429/429
f 550/409/409 793/410/410 795/1030/811
f 796/1032/814 795/1026/811 503/651/615
f 796/1033/814 794/343/343 549/420/420
f 492/412/412 503/653/615 795/1030/811
f 799/1035/815 800/1249/821 539/1036/816
f 796/1033/814 499/643/609 491/645/611
f 797/407/407 799/1040/815 540/1038/817
f 551/1027/812 800/1249/821 799/1035/815
f 539/1039/816 800/1044/821 798/444/444
f 550/409/409 552/1031/813 799/1040/815
f 803/1041/818 804/1250/824 559/1042/819
f 800/1044/821 551/1034/812 549/420/420
f 558/435/435 801/100/100 803/1045/818
f 564/1047/822 804/1250/824 803/1041/818
f 804/1049/824 802/547/547 557/5/5
f 801/100/100 561/102/102 563/1051/823
f 807/1052/825 808/1054/826 540/1037/817
f 564/1053/822 562/437/437 802/547/547
f 805/399/399 807/1055/825 539/1039/816
f 808/1054/826 807/1052/825 564/1047/822
f 540/1038/817 808/1057/826 806/417/417
f 562/437/437 564/1053/822 807/1055/825
f 811/1056/827 812/1251/830 536/1022/809
f 808/1057/826 563/1051/823 561/102/102
f 533/414/414 809/448/448 811/1058/827
f 556/1059/828 812/1251/830 811/1056/827
f 812/1061/830 810/422/422 534/428/428
f 553/449/449 555/1064/829 811/1058/827
f 815/1062/831 816/1065/832 556/1059/828
f 812/1061/830 556/1067/828 554/415/415
f 553/449/449 813/341/341 815/1063/831
f 816/1065/832 815/1062/831 525/646/612
f 816/1066/832 814/427/427 554/415/415
f 518/664/620 525/663/612 815/1063/831
f 820/1068/833 575/1172/838 576/1069/834
f 521/657/614 517/508/508 814/427/427
f 574/507/507 817/518/518 819/1071/835
f 568/1073/836 820/1068/833 819/1070/835
f 820/1075/833 818/493/493 573/470/470
f 817/518/518 565/510/510 567/1077/837
f 824/1078/839 571/1095/844 572/1079/840
f 568/1081/836 566/492/492 818/493/493
f 821/542/542 823/1086/841 572/1082/840
f 580/1083/842 824/1078/839 823/1080/841
f 571/1085/844 824/1089/839 822/499/499
f 577/467/467 579/1181/843 823/1086/841
f 828/1087/845 597/671/626 593/673/628
f 824/1089/839 580/1179/842 578/478/478
f 589/543/543 825/544/544 827/1090/846
f 587/1091/847 588/1097/849 828/1087/845
f 828/1092/845 826/496/496 590/554/554
f 825/544/544 585/498/498 587/1093/847
f 831/1094/848 832/1252/851 572/1079/840
f 588/1096/849 586/494/494 826/496/496
f 829/556/556 831/1098/848 571/1085/844
f 587/1091/847 832/1252/851 831/1094/848
f 572/1082/840 832/1100/851 830/466/466
f 829/556/556 586/494/494 588/1096/849
f 835/1099/850 836/1253/854 568/1073/836
f 587/1093/847 585/498/498 830/466/466
f 565/510/510 833/509/509 835/1101/850
f 584/1102/852 836/1253/854 835/1099/850
f 836/1104/854 834/486/486 566/492/492
f 581/457/457 583/1107/853 835/1101/850
f 839/1105/855 840/1108/856 584/1102/852
f 836/1104/854 584/1110/852 582/483/483
f 581/457/457 837/511/511 839/1106/855
f 840/1108/856 839/1105/855 600/704/636
f 840/1109/856 838/490/490 582/483/483
f 591/694/637 600/693/636 839/1106/855
f 844/1111/857 494/635/602 502/637/605
f 596/687/633 590/554/554 838/490/490
f 492/412/412 841/411/411 843/1113/858
f 844/1111/857 843/1112/858 603/698/641
f 844/1114/857 842/339/339 489/634/603
f 841/411/411 592/703/643 603/702/641
f 847/1115/859 848/1121/863 611/1116/860
f 599/692/635 591/694/637 842/339/339
f 610/549/549 845/551/551 847/1118/859
f 607/1120/862 608/1254/866 848/1121/863
f 848/1122/863 846/538/538 609/521/521
f 845/551/551 605/552/552 607/1124/862
f 852/1125/864 608/1254/866 607/1120/862
f 608/1127/866 606/526/526 846/538/538
f 605/552/552 849/539/539 851/1128/865
f 615/1129/867 616/1255/870 852/1125/864
f 852/1130/864 850/555/555 606/526/526
f 613/536/536 615/1134/867 851/1128/865
f 856/1131/868 616/1255/870 615/1129/867
f 852/1130/864 616/1137/870 614/532/532
f 613/536/536 853/535/535 855/1133/869
f 602/684/631 856/1131/868 855/1132/869
f 856/1136/868 854/481/481 614/532/532
f 853/535/535 589/543/543 594/683/630
f 859/1138/871 860/1140/872 560/1043/820
f 856/1136/868 602/701/631 592/703/643
f 557/5/5 857/106/106 859/1139/871
f 860/1140/872 859/1138/871 320/1141/873
f 860/1142/872 858/99/99 558/435/435
f 857/106/106 318/15/15 320/1143/873
f 864/1144/874 544/1009/802 543/1145/806
f 319/1147/654 317/21/21 858/99/99
f 541/118/118 861/171/171 863/1148/875
f 383/1149/691 864/1144/874 863/1146/875
f 864/1150/874 862/109/109 542/441/441
f 861/171/171 382/170/170 384/796/687
f 867/1151/876 868/1153/877 476/932/762
f 383/800/691 381/107/107 862/109/109
f 473/152/152 865/154/154 867/1152/876
f 868/1153/877 867/1151/876 396/819/701
f 868/1154/877 866/301/301 474/316/316
f 865/154/154 394/172/172 396/1155/701
f 872/1156/878 512/978/787 511/977/786
f 395/1158/702 393/146/146 866/301/301
f 509/365/365 869/258/258 871/1159/879
f 872/1156/878 871/1157/879 416/1160/880
f 872/1161/878 870/261/261 510/189/189
f 869/258/258 414/248/248 416/1162/880
f 875/1163/881 876/1166/882 468/914/753
f 415/1164/723 413/199/199 870/261/261
f 465/332/332 873/307/307 875/1165/881
f 448/891/741 447/890/740 876/1166/882
f 876/1167/882 874/274/274 466/372/372
f 873/307/307 446/306/306 448/893/741
f 880/1168/883 408/835/711 407/1169/715
f 447/897/740 445/265/265 874/274/274
f 405/213/213 877/212/212 879/1171/884
f 575/1172/838 880/1168/883 879/1170/884
f 880/1173/883 878/244/244 406/245/245
f 877/212/212 574/507/507 576/1072/834
f 884/1174/885 352/761/671 351/1175/675
f 575/1076/838 573/470/470 878/244/244
f 349/67/67 881/514/514 883/1177/886
f 579/1084/843 884/1174/885 883/1176/886
f 884/1178/885 882/517/517 350/64/64
f 881/514/514 578/478/478 580/1179/842
f 887/1180/887 888/1183/888 312/697/640
f 579/1181/843 577/467/467 882/517/517
f 309/30/30 885/29/29 887/1182/887
f 612/1117/861 611/1116/860 888/1183/888
f 888/1184/888 886/529/529 310/79/79
f 885/29/29 610/549/549 612/1119/861
f 611/1123/860 609/521/521 886/529/529
f 195/35/35 622/34/34 298/25/25
f 338/1185/566 335/1256/565 333/737/557
